input_text,target_text,perturb_type,noise_std
"Below is a description of a bulk material. The chemical formula is Na3MnCoNiO6. The spacegroup number is 8. The formation energy per atom is -1.6375. The band gap is 0.2133. The energy above the convex hull is 0.043. Generate a description of the lengths and angles of the lattice vectors and then the element type and coordinates for each atom within the lattice:
8.0 8.0 5.6
72 72 60
Na
0.36 0.33 0.98
Na
1.00 1.00 1.00
Na
0.69 0.65 0.00
Mn
0.52 0.53 0.47
Co
0.85 0.80 0.52
Ni
0.17 0.18 0.49
O
0.93 0.95 0.71
O
0.61 0.55 0.67
O
0.26 0.26 0.70
O
0.07 0.06 0.31
O
0.75 0.75 0.29
O
0.42 0.43 0.32","8.0 8.0 5.6
72 72 22
Na
0.33 0.33 0.00
Na
1.00 1.00 1.00
Na
0.67 0.67 1.00
Mn
0.50 0.50 0.50
Co
0.83 0.83 0.49
Ni
0.17 0.17 0.51
O
0.93 0.93 0.69
O
0.58 0.58 0.70
O
0.26 0.26 0.71
O
0.07 0.07 0.31
O
0.75 0.75 0.29
O
0.42 0.42 0.31",continuous,0.02
"Below is a description of a bulk material. The chemical formula is Na3MnCoNiO6. The spacegroup number is 8. The formation energy per atom is -1.6375. The band gap is 0.2133. The energy above the convex hull is 0.043. Generate a description of the lengths and angles of the lattice vectors and then the element type and coordinates for each atom within the lattice:
8.0 8.0 5.6
72 73 60
K
0.34 0.33 0.02
K
0.01 0.00 0.02
Na
0.65 0.66 0.00
Mn
0.50 0.47 0.50
Co
0.83 0.83 0.48
Fe
0.15 0.17 0.51
O
0.92 0.93 0.68
O
0.58 0.59 0.69
S
0.27 0.25 0.72
O
0.06 0.06 0.30
O
0.75 0.74 0.28
O
0.40 0.41 0.31","8.0 8.0 5.6
72 72 22
Na
0.33 0.33 0.00
Na
1.00 1.00 1.00
Na
0.67 0.67 1.00
Mn
0.50 0.50 0.50
Co
0.83 0.83 0.49
Ni
0.17 0.17 0.51
O
0.93 0.93 0.69
O
0.58 0.58 0.70
O
0.26 0.26 0.71
O
0.07 0.07 0.31
O
0.75 0.75 0.29
O
0.42 0.42 0.31",composition,0.01
"Below is a description of a bulk material. The chemical formula is Na3MnCoNiO6. The spacegroup number is 8. The formation energy per atom is -1.6375. The band gap is 0.2133. The energy above the convex hull is 0.043. Generate a description of the lengths and angles of the lattice vectors and then the element type and coordinates for each atom within the lattice:
8.0 8.0 5.6
72 72 60
Na
0.32 0.34 0.02
Na
1.00 0.01 0.01
Na
0.65 0.66 0.00
Mn
0.49 0.50 0.50
Co
0.86 0.82 0.49
Ni
0.17 0.18 0.51
O
0.94 0.91 0.68
O
0.58 0.58 0.71
O
0.27 0.27 0.70
O
0.07 0.07 0.30
O
0.76 0.76 0.28
S
0.42 0.41 0.30","8.0 8.0 5.6
72 72 22
Na
0.33 0.33 0.00
Na
1.00 1.00 1.00
Na
0.67 0.67 1.00
Mn
0.50 0.50 0.50
Co
0.83 0.83 0.49
Ni
0.17 0.17 0.51
O
0.93 0.93 0.69
O
0.58 0.58 0.70
O
0.26 0.26 0.71
O
0.07 0.07 0.31
O
0.75 0.75 0.29
O
0.42 0.42 0.31",composition,0.01
"Below is a description of a bulk material. The chemical formula is Nd(Al2Cu)4. The spacegroup number is 139. The formation energy per atom is -0.3148. The band gap is 0.0. The energy above the convex hull is 0.0. Generate a description of the lengths and angles of the lattice vectors and then the element type and coordinates for each atom within the lattice:
6.8 6.8 6.8
98 98 120
Nd
0.99 1.00 0.01
Al
0.25 0.50 0.80
Al
0.48 0.72 0.21
Al
0.65 1.00 0.65
Al
0.02 0.33 0.36
Al
0.00 0.65 0.64
Al
0.34 0.99 0.36
Al
0.70 0.52 0.25
Al
0.50 0.28 0.78
Cu
0.98 0.01 0.51
Cu
0.51 0.52 0.49
Cu
0.47 0.98 0.98
Cu
0.00 0.50 0.99","6.8 6.8 6.8
98 98 135
Nd
0.00 0.00 0.00
Al
0.28 0.50 0.78
Al
0.50 0.72 0.22
Al
0.65 0.00 0.65
Al
0.00 0.35 0.35
Al
0.00 0.65 0.65
Al
0.35 0.00 0.35
Al
0.72 0.50 0.22
Al
0.50 0.28 0.78
Cu
0.00 0.00 0.50
Cu
0.50 0.50 0.50
Cu
0.50 0.00 0.00
Cu
0.00 0.50 0.00",continuous,0.015
"Below is a description of a bulk material. The chemical formula is Nd(Al2Cu)4. The spacegroup number is 139. The formation energy per atom is -0.3148. The band gap is 0.0. The energy above the convex hull is 0.0. Generate a description of the lengths and angles of the lattice vectors and then the element type and coordinates for each atom within the lattice:
6.8 6.8 6.8
98 98 120
Nd
0.99 1.00 0.00
Al
0.28 0.51 0.77
Al
0.50 0.72 0.22
Al
0.67 0.01 0.65
Al
0.99 0.35 0.35
Al
0.01 0.65 0.64
Al
0.35 0.99 0.35
Al
0.72 0.50 0.21
Al
0.50 0.26 0.77
Cu
1.00 0.01 0.48
Cu
0.49 0.50 0.50
Cu
0.51 0.01 0.99
Cu
0.99 0.51 0.00","6.8 6.8 6.8
98 98 135
Nd
0.00 0.00 0.00
Al
0.28 0.50 0.78
Al
0.50 0.72 0.22
Al
0.65 0.00 0.65
Al
0.00 0.35 0.35
Al
0.00 0.65 0.65
Al
0.35 0.00 0.35
Al
0.72 0.50 0.22
Al
0.50 0.28 0.78
Cu
0.00 0.00 0.50
Cu
0.50 0.50 0.50
Cu
0.50 0.00 0.00
Cu
0.00 0.50 0.00",continuous,0.01
"Below is a description of a bulk material. The chemical formula is Nd(Al2Cu)4. The spacegroup number is 139. The formation energy per atom is -0.3148. The band gap is 0.0. The energy above the convex hull is 0.0. Generate a description of the lengths and angles of the lattice vectors and then the element type and coordinates for each atom within the lattice:
6.8 6.8 6.8
98 98 120
Nd
0.00 0.99 0.03
Al
0.29 0.47 0.75
Al
0.50 0.70 0.18
Al
0.65 0.99 0.66
Al
0.00 0.34 0.32
In
0.01 0.70 0.63
Al
0.34 0.99 0.37
Al
0.75 0.48 0.25
Al
0.49 0.29 0.78
Cu
0.00 0.00 0.51
Cu
0.52 0.50 0.47
Cu
0.50 0.99 0.99
Au
0.99 0.49 0.01","6.8 6.8 6.8
98 98 135
Nd
0.00 0.00 0.00
Al
0.28 0.50 0.78
Al
0.50 0.72 0.22
Al
0.65 0.00 0.65
Al
0.00 0.35 0.35
Al
0.00 0.65 0.65
Al
0.35 0.00 0.35
Al
0.72 0.50 0.22
Al
0.50 0.28 0.78
Cu
0.00 0.00 0.50
Cu
0.50 0.50 0.50
Cu
0.50 0.00 0.00
Cu
0.00 0.50 0.00",composition,0.02
"Below is a description of a bulk material. The chemical formula is LiMnIr2. The spacegroup number is 225. The formation energy per atom is -0.1938. The band gap is 0.0. The energy above the convex hull is 0.0181. Generate a description of the lengths and angles of the lattice vectors and then the element type and coordinates for each atom within the lattice:
4.1 4.2 4.1
60 60 60
Li
0.47 0.53 0.49
Mn
0.03 1.00 0.99
Ir
0.23 0.23 0.23
Re
0.77 0.79 0.75","4.2 4.2 4.2
60 60 60
Li
0.50 0.50 0.50
Mn
0.00 0.00 0.00
Ir
0.25 0.25 0.25
Ir
0.75 0.75 0.75",composition,0.03
"Below is a description of a bulk material. The chemical formula is LiMnIr2. The spacegroup number is 225. The formation energy per atom is -0.1938. The band gap is 0.0. The energy above the convex hull is 0.0181. Generate a description of the lengths and angles of the lattice vectors and then the element type and coordinates for each atom within the lattice:
4.2 4.2 4.2
60 60 60
Li
0.52 0.50 0.49
Mn
0.99 0.01 0.99
Ir
0.27 0.24 0.24
Ir
0.75 0.75 0.75","4.2 4.2 4.2
60 60 60
Li
0.50 0.50 0.50
Mn
0.00 0.00 0.00
Ir
0.25 0.25 0.25
Ir
0.75 0.75 0.75",continuous,0.01
"Below is a description of a bulk material. The chemical formula is LiMnIr2. The spacegroup number is 225. The formation energy per atom is -0.1938. The band gap is 0.0. The energy above the convex hull is 0.0181. Generate a description of the lengths and angles of the lattice vectors and then the element type and coordinates for each atom within the lattice:
4.2 4.2 4.2
60 60 60
Li
0.53 0.49 0.49
Mn
1.00 1.00 0.00
Ir
0.26 0.22 0.23
Ir
0.75 0.73 0.75","4.2 4.2 4.2
60 60 60
Li
0.50 0.50 0.50
Mn
0.00 0.00 0.00
Ir
0.25 0.25 0.25
Ir
0.75 0.75 0.75",continuous,0.015
"Below is a description of a bulk material. The chemical formula is LiCSN. The spacegroup number is 62. The formation energy per atom is -0.5847. The band gap is 3.8556. The energy above the convex hull is 0.0488. Generate a description of the lengths and angles of the lattice vectors and then the element type and coordinates for each atom within the lattice:
3.9 5.3 12.3
90 90 90
K
0.34 0.44 0.88
Li
0.24 0.07 0.46
Li
0.75 0.53 0.06
Na
0.73 0.89 0.58
Si
0.20 0.35 0.59
C
0.26 0.11 0.08
C
0.72 0.59 0.40
C
0.81 0.91 0.94
O
0.24 0.66 0.76
S
0.26 0.87 0.18
S
0.78 0.37 0.31
S
0.74 0.12 0.76
N
0.33 0.25 0.55
N
0.22 0.34 0.02
N
0.78 0.79 0.44
P
0.74 0.75 0.01","3.9 5.3 12.3
90 90 90
Li
0.25 0.44 0.90
Li
0.25 0.06 0.40
Li
0.75 0.56 0.10
Li
0.75 0.94 0.60
C
0.25 0.39 0.61
C
0.25 0.11 0.11
C
0.75 0.61 0.39
C
0.75 0.89 0.89
S
0.25 0.64 0.69
S
0.25 0.86 0.19
S
0.75 0.36 0.31
S
0.75 0.14 0.81
N
0.25 0.21 0.55
N
0.25 0.29 0.05
N
0.75 0.79 0.45
N
0.75 0.71 0.95",composition,0.03
"Below is a description of a bulk material. The chemical formula is LiCSN. The spacegroup number is 62. The formation energy per atom is -0.5847. The band gap is 3.8556. The energy above the convex hull is 0.0488. Generate a description of the lengths and angles of the lattice vectors and then the element type and coordinates for each atom within the lattice:
3.9 5.3 12.4
90 90 90
Li
0.23 0.43 0.90
Na
0.26 0.04 0.41
Li
0.78 0.56 0.11
Li
0.77 0.94 0.59
C
0.22 0.40 0.62
C
0.25 0.08 0.11
C
0.75 0.59 0.37
C
0.78 0.90 0.93
S
0.24 0.62 0.72
O
0.25 0.87 0.16
S
0.75 0.39 0.33
S
0.75 0.14 0.81
N
0.27 0.22 0.57
N
0.26 0.31 0.07
N
0.77 0.78 0.47
As
0.74 0.70 0.94","3.9 5.3 12.3
90 90 90
Li
0.25 0.44 0.90
Li
0.25 0.06 0.40
Li
0.75 0.56 0.10
Li
0.75 0.94 0.60
C
0.25 0.39 0.61
C
0.25 0.11 0.11
C
0.75 0.61 0.39
C
0.75 0.89 0.89
S
0.25 0.64 0.69
S
0.25 0.86 0.19
S
0.75 0.36 0.31
S
0.75 0.14 0.81
N
0.25 0.21 0.55
N
0.25 0.29 0.05
N
0.75 0.79 0.45
N
0.75 0.71 0.95",composition,0.02
"Below is a description of a bulk material. The chemical formula is LiCSN. The spacegroup number is 62. The formation energy per atom is -0.5847. The band gap is 3.8556. The energy above the convex hull is 0.0488. Generate a description of the lengths and angles of the lattice vectors and then the element type and coordinates for each atom within the lattice:
3.9 5.3 12.3
90 90 90
Li
0.27 0.43 0.89
Li
0.27 0.07 0.40
Li
0.75 0.56 0.10
Li
0.75 0.94 0.60
C
0.24 0.38 0.60
C
0.26 0.13 0.11
C
0.74 0.61 0.40
C
0.75 0.89 0.89
S
0.26 0.63 0.70
S
0.24 0.88 0.17
S
0.76 0.37 0.32
S
0.75 0.13 0.81
N
0.25 0.21 0.55
N
0.25 0.30 0.05
N
0.75 0.80 0.47
N
0.73 0.71 0.93","3.9 5.3 12.3
90 90 90
Li
0.25 0.44 0.90
Li
0.25 0.06 0.40
Li
0.75 0.56 0.10
Li
0.75 0.94 0.60
C
0.25 0.39 0.61
C
0.25 0.11 0.11
C
0.75 0.61 0.39
C
0.75 0.89 0.89
S
0.25 0.64 0.69
S
0.25 0.86 0.19
S
0.75 0.36 0.31
S
0.75 0.14 0.81
N
0.25 0.21 0.55
N
0.25 0.29 0.05
N
0.75 0.79 0.45
N
0.75 0.71 0.95",continuous,0.01
"Below is a description of a bulk material. The chemical formula is La2EuS4. The spacegroup number is 122. The formation energy per atom is -2.4748. The band gap is 0.4707. The energy above the convex hull is 0.0. Generate a description of the lengths and angles of the lattice vectors and then the element type and coordinates for each atom within the lattice:
7.6 7.6 7.6
109 109 110
La
0.63 0.24 0.13
La
0.50 0.37 0.62
La
0.13 0.50 0.88
La
0.75 0.88 0.37
Eu
0.25 0.76 0.50
Eu
0.00 0.00 0.00
S
0.72 0.13 0.75
S
0.22 0.12 0.75
S
0.03 0.28 0.40
S
0.38 0.49 0.25
S
0.86 0.62 0.10
S
0.52 0.78 0.90
S
0.87 0.62 0.61
S
0.38 0.98 0.24","7.6 7.6 7.6
109 109 110
La
0.62 0.25 0.12
La
0.50 0.38 0.62
La
0.12 0.50 0.88
La
0.75 0.88 0.38
Eu
0.25 0.75 0.50
Eu
0.00 0.00 0.00
S
0.73 0.13 0.75
S
0.23 0.13 0.75
S
0.02 0.27 0.40
S
0.38 0.48 0.25
S
0.87 0.62 0.10
S
0.52 0.77 0.90
S
0.87 0.62 0.60
S
0.38 0.98 0.25",continuous,0.005
"Below is a description of a bulk material. The chemical formula is La2EuS4. The spacegroup number is 122. The formation energy per atom is -2.4748. The band gap is 0.4707. The energy above the convex hull is 0.0. Generate a description of the lengths and angles of the lattice vectors and then the element type and coordinates for each atom within the lattice:
7.6 7.6 7.6
109 109 110
La
0.63 0.25 0.12
La
0.48 0.38 0.63
La
0.12 0.49 0.87
La
0.74 0.86 0.38
Eu
0.25 0.75 0.51
Eu
1.00 1.00 1.00
S
0.74 0.13 0.74
S
0.22 0.12 0.73
S
0.02 0.28 0.40
S
0.38 0.47 0.25
S
0.88 0.63 0.11
S
0.51 0.78 0.90
S
0.86 0.62 0.59
S
0.37 0.97 0.25","7.6 7.6 7.6
109 109 110
La
0.62 0.25 0.12
La
0.50 0.38 0.62
La
0.12 0.50 0.88
La
0.75 0.88 0.38
Eu
0.25 0.75 0.50
Eu
0.00 0.00 0.00
S
0.73 0.13 0.75
S
0.23 0.13 0.75
S
0.02 0.27 0.40
S
0.38 0.48 0.25
S
0.87 0.62 0.10
S
0.52 0.77 0.90
S
0.87 0.62 0.60
S
0.38 0.98 0.25",continuous,0.01
"Below is a description of a bulk material. The chemical formula is La2EuS4. The spacegroup number is 122. The formation energy per atom is -2.4748. The band gap is 0.4707. The energy above the convex hull is 0.0. Generate a description of the lengths and angles of the lattice vectors and then the element type and coordinates for each atom within the lattice:
7.6 7.6 7.6
109 109 110
La
0.67 0.26 0.11
La
0.50 0.35 0.62
La
0.13 0.49 0.91
La
0.78 0.84 0.39
Eu
0.26 0.73 0.47
Eu
0.96 0.96 0.02
S
0.76 0.16 0.75
S
0.22 0.12 0.76
S
0.98 0.29 0.39
S
0.39 0.47 0.26
S
0.88 0.65 0.10
S
0.53 0.79 0.86
S
0.90 0.62 0.59
S
0.39 0.98 0.26","7.6 7.6 7.6
109 109 110
La
0.62 0.25 0.12
La
0.50 0.38 0.62
La
0.12 0.50 0.88
La
0.75 0.88 0.38
Eu
0.25 0.75 0.50
Eu
0.00 0.00 0.00
S
0.73 0.13 0.75
S
0.23 0.13 0.75
S
0.02 0.27 0.40
S
0.38 0.48 0.25
S
0.87 0.62 0.10
S
0.52 0.77 0.90
S
0.87 0.62 0.60
S
0.38 0.98 0.25",continuous,0.02
"Below is a description of a bulk material. The chemical formula is Yb3Ga9Pt2. The spacegroup number is 71. The formation energy per atom is -0.6411. The band gap is 0.0. The energy above the convex hull is 0.0. Generate a description of the lengths and angles of the lattice vectors and then the element type and coordinates for each atom within the lattice:
8.1 8.2 8.1
120 107 81
Yb
0.50 0.50 0.99
Yb
0.20 0.21 0.00
Yb
0.79 0.78 0.99
Ga
0.65 0.36 0.27
Ga
0.37 0.65 0.72
Ga
0.09 0.37 0.71
Ga
0.91 0.62 0.29
Ga
0.52 0.16 0.37
Ga
0.47 0.84 0.63
Ga
0.79 0.15 0.61
Ga
0.22 0.85 0.36
Ga
0.99 0.51 0.51
Pt
0.18 0.98 0.18
Pt
0.82 0.98 0.83","8.2 8.2 8.2
149 107 81
Yb
0.50 0.50 0.00
Yb
0.20 0.20 0.00
Yb
0.80 0.80 0.00
Ga
0.64 0.36 0.28
Ga
0.36 0.64 0.72
Ga
0.08 0.36 0.72
Ga
0.92 0.64 0.28
Ga
0.52 0.16 0.37
Ga
0.48 0.84 0.63
Ga
0.79 0.16 0.63
Ga
0.21 0.84 0.37
Ga
0.00 0.50 0.50
Pt
0.18 0.00 0.18
Pt
0.82 0.00 0.82",continuous,0.01
"Below is a description of a bulk material. The chemical formula is Yb3Ga9Pt2. The spacegroup number is 71. The formation energy per atom is -0.6411. The band gap is 0.0. The energy above the convex hull is 0.0. Generate a description of the lengths and angles of the lattice vectors and then the element type and coordinates for each atom within the lattice:
8.2 8.2 8.2
120 107 81
Yb
0.50 0.50 0.98
Yb
0.18 0.19 0.02
Yb
0.80 0.79 1.00
Ga
0.63 0.35 0.28
Ga
0.37 0.65 0.73
Ga
0.09 0.37 0.72
Ga
0.91 0.63 0.27
Ga
0.51 0.15 0.36
Ga
0.47 0.84 0.64
Ga
0.78 0.16 0.63
Ga
0.21 0.83 0.36
Ga
0.00 0.50 0.49
Pt
0.17 1.00 0.19
Pt
0.82 0.99 0.83","8.2 8.2 8.2
149 107 81
Yb
0.50 0.50 0.00
Yb
0.20 0.20 0.00
Yb
0.80 0.80 0.00
Ga
0.64 0.36 0.28
Ga
0.36 0.64 0.72
Ga
0.08 0.36 0.72
Ga
0.92 0.64 0.28
Ga
0.52 0.16 0.37
Ga
0.48 0.84 0.63
Ga
0.79 0.16 0.63
Ga
0.21 0.84 0.37
Ga
0.00 0.50 0.50
Pt
0.18 0.00 0.18
Pt
0.82 0.00 0.82",continuous,0.01
"Below is a description of a bulk material. The chemical formula is Yb3Ga9Pt2. The spacegroup number is 71. The formation energy per atom is -0.6411. The band gap is 0.0. The energy above the convex hull is 0.0. Generate a description of the lengths and angles of the lattice vectors and then the element type and coordinates for each atom within the lattice:
8.2 8.2 8.1
120 107 81
Yb
0.53 0.52 0.00
Yb
0.20 0.23 0.98
Yb
0.81 0.79 0.01
Ga
0.65 0.38 0.28
Ga
0.35 0.64 0.77
Ga
0.09 0.35 0.73
Ga
0.93 0.63 0.28
Ga
0.52 0.17 0.38
Ga
0.47 0.85 0.60
Ga
0.81 0.17 0.64
Ga
0.23 0.84 0.37
Ga
0.01 0.49 0.50
Pt
0.18 0.98 0.18
Pt
0.81 0.02 0.86","8.2 8.2 8.2
149 107 81
Yb
0.50 0.50 0.00
Yb
0.20 0.20 0.00
Yb
0.80 0.80 0.00
Ga
0.64 0.36 0.28
Ga
0.36 0.64 0.72
Ga
0.08 0.36 0.72
Ga
0.92 0.64 0.28
Ga
0.52 0.16 0.37
Ga
0.48 0.84 0.63
Ga
0.79 0.16 0.63
Ga
0.21 0.84 0.37
Ga
0.00 0.50 0.50
Pt
0.18 0.00 0.18
Pt
0.82 0.00 0.82",continuous,0.015
"Below is a description of a bulk material. The chemical formula is NaLiCO3. The spacegroup number is 189. The formation energy per atom is -2.1606. The band gap is 4.3134. The energy above the convex hull is 0.0094. Generate a description of the lengths and angles of the lattice vectors and then the element type and coordinates for each atom within the lattice:
8.4 8.4 3.4
90 90 120
Na
0.35 0.36 0.53
Na
0.98 0.65 0.48
Na
0.67 0.99 0.52
Li
0.69 0.71 0.02
Li
0.30 0.99 0.96
Li
0.99 0.26 1.00
C
0.69 0.33 0.00
C
0.33 0.65 0.01
C
0.00 0.98 0.48
O
0.86 0.83 0.50
O
0.24 0.77 0.98
O
0.46 0.28 0.01
O
0.15 0.01 0.49
O
0.01 0.14 0.49
O
0.75 0.22 1.00
O
0.50 0.77 0.03
O
0.24 0.53 1.00
O
0.75 0.55 0.03","8.4 8.4 3.4
90 90 120
Na
0.34 0.34 0.50
Na
0.00 0.66 0.50
Na
0.66 0.00 0.50
Li
0.71 0.71 0.00
Li
0.29 0.00 0.00
Li
0.00 0.29 0.00
C
0.67 0.33 0.00
C
0.33 0.67 0.00
C
0.00 0.00 0.50
O
0.85 0.85 0.50
O
0.24 0.75 0.00
O
0.49 0.25 0.00
O
0.15 0.00 0.50
O
0.00 0.15 0.50
O
0.75 0.24 0.00
O
0.51 0.76 0.00
O
0.25 0.49 0.00
O
0.76 0.51 0.00",continuous,0.02
"Below is a description of a bulk material. The chemical formula is NaLiCO3. The spacegroup number is 189. The formation energy per atom is -2.1606. The band gap is 4.3134. The energy above the convex hull is 0.0094. Generate a description of the lengths and angles of the lattice vectors and then the element type and coordinates for each atom within the lattice:
8.4 8.4 3.4
90 90 120
Na
0.35 0.34 0.49
Na
0.97 0.62 0.52
Na
0.64 0.99 0.50
Li
0.73 0.73 0.00
K
0.31 0.97 0.02
Li
0.02 0.30 0.97
C
0.67 0.34 0.99
C
0.32 0.68 0.99
C
0.01 0.02 0.51
O
0.83 0.82 0.49
O
0.22 0.71 0.98
O
0.49 0.26 0.97
O
0.14 0.01 0.50
O
0.00 0.12 0.50
O
0.76 0.24 0.98
O
0.52 0.77 1.00
O
0.28 0.47 0.02
S
0.76 0.50 0.01","8.4 8.4 3.4
90 90 120
Na
0.34 0.34 0.50
Na
0.00 0.66 0.50
Na
0.66 0.00 0.50
Li
0.71 0.71 0.00
Li
0.29 0.00 0.00
Li
0.00 0.29 0.00
C
0.67 0.33 0.00
C
0.33 0.67 0.00
C
0.00 0.00 0.50
O
0.85 0.85 0.50
O
0.24 0.75 0.00
O
0.49 0.25 0.00
O
0.15 0.00 0.50
O
0.00 0.15 0.50
O
0.75 0.24 0.00
O
0.51 0.76 0.00
O
0.25 0.49 0.00
O
0.76 0.51 0.00",composition,0.015
"Below is a description of a bulk material. The chemical formula is NaLiCO3. The spacegroup number is 189. The formation energy per atom is -2.1606. The band gap is 4.3134. The energy above the convex hull is 0.0094. Generate a description of the lengths and angles of the lattice vectors and then the element type and coordinates for each atom within the lattice:
8.4 8.4 3.4
90 90 120
Na
0.33 0.36 0.48
Na
0.00 0.67 0.49
Na
0.65 0.01 0.51
Li
0.70 0.71 0.99
Li
0.30 0.02 0.00
Li
0.01 0.30 0.02
C
0.65 0.33 0.99
C
0.34 0.65 0.99
C
0.99 0.01 0.48
O
0.84 0.84 0.50
O
0.22 0.73 1.00
O
0.48 0.26 0.00
O
0.16 0.99 0.52
O
0.00 0.15 0.51
O
0.75 0.25 0.99
O
0.53 0.76 0.00
O
0.26 0.49 0.99
O
0.76 0.52 0.99","8.4 8.4 3.4
90 90 120
Na
0.34 0.34 0.50
Na
0.00 0.66 0.50
Na
0.66 0.00 0.50
Li
0.71 0.71 0.00
Li
0.29 0.00 0.00
Li
0.00 0.29 0.00
C
0.67 0.33 0.00
C
0.33 0.67 0.00
C
0.00 0.00 0.50
O
0.85 0.85 0.50
O
0.24 0.75 0.00
O
0.49 0.25 0.00
O
0.15 0.00 0.50
O
0.00 0.15 0.50
O
0.75 0.24 0.00
O
0.51 0.76 0.00
O
0.25 0.49 0.00
O
0.76 0.51 0.00",continuous,0.01
"Below is a description of a bulk material. The chemical formula is Na2BiO3. The spacegroup number is 12. The formation energy per atom is -1.6975. The band gap is 0.0. The energy above the convex hull is 0.0333. Generate a description of the lengths and angles of the lattice vectors and then the element type and coordinates for each atom within the lattice:
6.0 6.0 5.9
80 80 120
Na
0.81 0.18 0.49
Na
0.15 0.82 0.48
Na
0.50 0.48 0.51
Na
0.99 1.00 0.01
Bi
0.32 0.68 0.01
Bi
0.64 0.31 0.96
O
0.68 0.74 0.74
O
0.95 0.61 0.22
O
0.57 0.93 0.25
O
0.06 0.42 0.78
O
0.43 0.07 0.77
O
0.27 0.29 0.21","6.0 6.0 6.0
80 80 120
Na
0.84 0.16 0.50
Na
0.16 0.84 0.50
Na
0.50 0.50 0.50
Na
0.00 0.00 0.00
Bi
0.33 0.67 0.00
Bi
0.67 0.33 0.00
O
0.71 0.71 0.77
O
0.93 0.56 0.22
O
0.56 0.93 0.22
O
0.07 0.44 0.78
O
0.44 0.07 0.78
O
0.29 0.29 0.23",continuous,0.02
"Below is a description of a bulk material. The chemical formula is Na2BiO3. The spacegroup number is 12. The formation energy per atom is -1.6975. The band gap is 0.0. The energy above the convex hull is 0.0333. Generate a description of the lengths and angles of the lattice vectors and then the element type and coordinates for each atom within the lattice:
6.0 6.0 6.0
80 80 120
Na
0.84 0.16 0.48
Na
0.15 0.84 0.49
Na
0.49 0.52 0.52
Na
0.02 0.01 0.02
Bi
0.31 0.64 0.02
Bi
0.67 0.31 0.02
O
0.73 0.70 0.74
O
0.92 0.55 0.26
O
0.55 0.88 0.19
O
0.09 0.45 0.79
O
0.39 0.07 0.76
O
0.30 0.24 0.19","6.0 6.0 6.0
80 80 120
Na
0.84 0.16 0.50
Na
0.16 0.84 0.50
Na
0.50 0.50 0.50
Na
0.00 0.00 0.00
Bi
0.33 0.67 0.00
Bi
0.67 0.33 0.00
O
0.71 0.71 0.77
O
0.93 0.56 0.22
O
0.56 0.93 0.22
O
0.07 0.44 0.78
O
0.44 0.07 0.78
O
0.29 0.29 0.23",continuous,0.02
"Below is a description of a bulk material. The chemical formula is Na2BiO3. The spacegroup number is 12. The formation energy per atom is -1.6975. The band gap is 0.0. The energy above the convex hull is 0.0333. Generate a description of the lengths and angles of the lattice vectors and then the element type and coordinates for each atom within the lattice:
6.0 6.0 6.0
80 80 120
Na
0.84 0.15 0.51
Na
0.20 0.84 0.50
Na
0.51 0.51 0.50
Na
0.99 0.99 0.98
Bi
0.34 0.67 0.02
Bi
0.66 0.34 0.01
O
0.72 0.71 0.77
O
0.95 0.55 0.21
O
0.56 0.93 0.22
O
0.06 0.44 0.79
O
0.43 0.07 0.78
O
0.28 0.29 0.23","6.0 6.0 6.0
80 80 120
Na
0.84 0.16 0.50
Na
0.16 0.84 0.50
Na
0.50 0.50 0.50
Na
0.00 0.00 0.00
Bi
0.33 0.67 0.00
Bi
0.67 0.33 0.00
O
0.71 0.71 0.77
O
0.93 0.56 0.22
O
0.56 0.93 0.22
O
0.07 0.44 0.78
O
0.44 0.07 0.78
O
0.29 0.29 0.23",continuous,0.01
"Below is a description of a bulk material. The chemical formula is InBiS3. The spacegroup number is 11. The formation energy per atom is -0.7366. The band gap is 1.4018. The energy above the convex hull is 0.0033. Generate a description of the lengths and angles of the lattice vectors and then the element type and coordinates for each atom within the lattice:
3.9 6.6 10.0
89 90 90
In
0.25 0.76 0.01
Ga
0.73 0.22 0.96
Bi
0.25 0.40 0.34
Bi
0.76 0.60 0.64
S
0.76 0.26 0.54
O
0.24 0.75 0.52
S
0.26 0.43 0.85
S
0.74 0.59 0.16
Se
0.26 0.09 0.14
S
0.72 0.91 0.89","3.9 6.7 9.9
89 90 90
In
0.25 0.75 1.00
In
0.75 0.25 0.00
Bi
0.25 0.40 0.35
Bi
0.75 0.60 0.65
S
0.75 0.25 0.51
S
0.25 0.75 0.49
S
0.25 0.43 0.85
S
0.75 0.57 0.15
S
0.25 0.08 0.14
S
0.75 0.92 0.86",composition,0.02
"Below is a description of a bulk material. The chemical formula is InBiS3. The spacegroup number is 11. The formation energy per atom is -0.7366. The band gap is 1.4018. The energy above the convex hull is 0.0033. Generate a description of the lengths and angles of the lattice vectors and then the element type and coordinates for each atom within the lattice:
3.9 6.7 9.9
89 90 90
In
0.26 0.76 0.01
In
0.75 0.26 1.00
Bi
0.27 0.40 0.35
Bi
0.74 0.61 0.65
S
0.74 0.25 0.50
S
0.25 0.74 0.51
S
0.25 0.41 0.85
S
0.73 0.55 0.15
S
0.25 0.08 0.14
S
0.75 0.92 0.87","3.9 6.7 9.9
89 90 90
In
0.25 0.75 1.00
In
0.75 0.25 0.00
Bi
0.25 0.40 0.35
Bi
0.75 0.60 0.65
S
0.75 0.25 0.51
S
0.25 0.75 0.49
S
0.25 0.43 0.85
S
0.75 0.57 0.15
S
0.25 0.08 0.14
S
0.75 0.92 0.86",continuous,0.01
"Below is a description of a bulk material. The chemical formula is InBiS3. The spacegroup number is 11. The formation energy per atom is -0.7366. The band gap is 1.4018. The energy above the convex hull is 0.0033. Generate a description of the lengths and angles of the lattice vectors and then the element type and coordinates for each atom within the lattice:
3.9 6.7 9.9
89 90 90
In
0.27 0.80 0.02
In
0.74 0.25 0.01
Bi
0.24 0.39 0.36
Bi
0.75 0.63 0.65
S
0.74 0.26 0.54
S
0.24 0.74 0.46
S
0.21 0.43 0.82
S
0.75 0.60 0.14
S
0.22 0.06 0.14
S
0.72 0.89 0.84","3.9 6.7 9.9
89 90 90
In
0.25 0.75 1.00
In
0.75 0.25 0.00
Bi
0.25 0.40 0.35
Bi
0.75 0.60 0.65
S
0.75 0.25 0.51
S
0.25 0.75 0.49
S
0.25 0.43 0.85
S
0.75 0.57 0.15
S
0.25 0.08 0.14
S
0.75 0.92 0.86",continuous,0.02
"Below is a description of a bulk material. The chemical formula is TbAlNi4. The spacegroup number is 65. The formation energy per atom is -0.5213. The band gap is 0.0. The energy above the convex hull is 0.0. Generate a description of the lengths and angles of the lattice vectors and then the element type and coordinates for each atom within the lattice:
4.9 4.9 4.0
90 90 118
Dy
0.52 0.49 0.04
Al
0.99 0.01 0.49
Co
0.21 0.83 0.02
Ni
0.87 0.15 0.99
Ni
0.99 0.51 0.51
Ni
0.48 0.99 0.51","4.9 4.9 4.0
90 90 118
Tb
0.50 0.50 0.00
Al
0.00 0.00 0.50
Ni
0.17 0.83 0.00
Ni
0.83 0.17 0.00
Ni
0.00 0.50 0.50
Ni
0.50 0.00 0.50",composition,0.015
"Below is a description of a bulk material. The chemical formula is TbAlNi4. The spacegroup number is 65. The formation energy per atom is -0.5213. The band gap is 0.0. The energy above the convex hull is 0.0. Generate a description of the lengths and angles of the lattice vectors and then the element type and coordinates for each atom within the lattice:
4.9 4.9 4.0
90 90 118
Tb
0.51 0.49 0.01
Al
1.00 0.99 0.49
Ni
0.18 0.82 1.00
Ni
0.86 0.16 0.99
Ni
0.02 0.48 0.51
Ni
0.50 0.99 0.51","4.9 4.9 4.0
90 90 118
Tb
0.50 0.50 0.00
Al
0.00 0.00 0.50
Ni
0.17 0.83 0.00
Ni
0.83 0.17 0.00
Ni
0.00 0.50 0.50
Ni
0.50 0.00 0.50",continuous,0.01
"Below is a description of a bulk material. The chemical formula is TbAlNi4. The spacegroup number is 65. The formation energy per atom is -0.5213. The band gap is 0.0. The energy above the convex hull is 0.0. Generate a description of the lengths and angles of the lattice vectors and then the element type and coordinates for each atom within the lattice:
4.9 4.9 4.0
90 90 118
Tb
0.49 0.51 0.01
Al
0.99 1.00 0.49
Ni
0.16 0.83 0.03
Ni
0.81 0.17 0.99
Ni
0.01 0.51 0.51
Ni
0.51 0.98 0.51","4.9 4.9 4.0
90 90 118
Tb
0.50 0.50 0.00
Al
0.00 0.00 0.50
Ni
0.17 0.83 0.00
Ni
0.83 0.17 0.00
Ni
0.00 0.50 0.50
Ni
0.50 0.00 0.50",continuous,0.015
"Below is a description of a bulk material. The chemical formula is CdIn3Te4As. The spacegroup number is 1. The formation energy per atom is -0.5212. The band gap is 0.5664. The energy above the convex hull is 0.0094. Generate a description of the lengths and angles of the lattice vectors and then the element type and coordinates for each atom within the lattice:
6.4 7.9 7.8
100 114 66
Cd
0.97 0.03 0.02
In
0.60 0.24 0.39
In
0.19 0.41 0.85
In
0.80 0.60 0.18
Te
0.35 0.73 0.90
S
0.99 0.88 0.36
Te
0.57 0.10 0.71
Te
0.73 0.50 0.53
As
0.14 0.29 0.12","6.4 7.9 7.8
100 114 66
Cd
0.00 0.01 0.00
In
0.58 0.21 0.39
In
0.21 0.40 0.82
In
0.81 0.59 0.19
Te
0.36 0.70 0.88
Te
0.97 0.89 0.32
Te
0.54 0.08 0.69
Te
0.73 0.52 0.51
As
0.15 0.30 0.10",composition,0.03
"Below is a description of a bulk material. The chemical formula is CdIn3Te4As. The spacegroup number is 1. The formation energy per atom is -0.5212. The band gap is 0.5664. The energy above the convex hull is 0.0094. Generate a description of the lengths and angles of the lattice vectors and then the element type and coordinates for each atom within the lattice:
6.4 7.9 7.8
100 114 66
Cd
0.00 0.00 0.01
In
0.58 0.20 0.39
In
0.22 0.40 0.81
In
0.81 0.59 0.20
Te
0.37 0.70 0.87
Te
0.98 0.89 0.33
Te
0.54 0.09 0.69
Te
0.72 0.52 0.51
As
0.13 0.30 0.10","6.4 7.9 7.8
100 114 66
Cd
0.00 0.01 0.00
In
0.58 0.21 0.39
In
0.21 0.40 0.82
In
0.81 0.59 0.19
Te
0.36 0.70 0.88
Te
0.97 0.89 0.32
Te
0.54 0.08 0.69
Te
0.73 0.52 0.51
As
0.15 0.30 0.10",continuous,0.005
"Below is a description of a bulk material. The chemical formula is CdIn3Te4As. The spacegroup number is 1. The formation energy per atom is -0.5212. The band gap is 0.5664. The energy above the convex hull is 0.0094. Generate a description of the lengths and angles of the lattice vectors and then the element type and coordinates for each atom within the lattice:
6.4 7.9 7.7
100 114 66
Cd
1.00 0.01 0.99
In
0.56 0.22 0.39
In
0.18 0.40 0.84
In
0.83 0.58 0.19
Te
0.35 0.71 0.85
Te
0.98 0.90 0.31
Te
0.56 0.07 0.72
Te
0.71 0.53 0.51
As
0.15 0.28 0.10","6.4 7.9 7.8
100 114 66
Cd
0.00 0.01 0.00
In
0.58 0.21 0.39
In
0.21 0.40 0.82
In
0.81 0.59 0.19
Te
0.36 0.70 0.88
Te
0.97 0.89 0.32
Te
0.54 0.08 0.69
Te
0.73 0.52 0.51
As
0.15 0.30 0.10",continuous,0.02
"Below is a description of a bulk material. The chemical formula is TiCu4. The spacegroup number is 62. The formation energy per atom is -0.085. The band gap is 0.0. The energy above the convex hull is 0.0. Generate a description of the lengths and angles of the lattice vectors and then the element type and coordinates for each atom within the lattice:
4.3 4.5 13.0
90 90 90
Ti
0.25 0.16 0.59
Ti
0.25 0.65 0.90
Ti
0.75 0.84 0.42
Ti
0.75 0.34 0.10
Cu
0.25 0.16 0.01
Cu
0.26 0.66 0.50
Cu
0.75 0.84 0.01
Cu
0.75 0.34 0.50
Cu
0.25 0.16 0.80
Cu
0.26 0.66 0.70
Cu
0.75 0.83 0.20
Cu
0.76 0.33 0.30
Cu
0.26 0.18 0.40
Cu
0.25 0.67 0.10
Cu
0.75 0.82 0.60
Cu
0.75 0.33 0.89
Cu
0.26 0.16 0.20
Cu
0.26 0.67 0.30
Cu
0.75 0.84 0.80
Cu
0.75 0.33 0.70","4.3 4.5 13.0
90 90 90
Ti
0.25 0.16 0.60
Ti
0.25 0.66 0.90
Ti
0.75 0.84 0.40
Ti
0.75 0.34 0.10
Cu
0.25 0.16 0.00
Cu
0.25 0.66 0.50
Cu
0.75 0.84 1.00
Cu
0.75 0.34 0.50
Cu
0.25 0.16 0.80
Cu
0.25 0.66 0.70
Cu
0.75 0.84 0.20
Cu
0.75 0.34 0.30
Cu
0.25 0.18 0.40
Cu
0.25 0.68 0.10
Cu
0.75 0.82 0.60
Cu
0.75 0.32 0.90
Cu
0.25 0.17 0.20
Cu
0.25 0.67 0.30
Cu
0.75 0.83 0.80
Cu
0.75 0.33 0.70",continuous,0.005
"Below is a description of a bulk material. The chemical formula is TiCu4. The spacegroup number is 62. The formation energy per atom is -0.085. The band gap is 0.0. The energy above the convex hull is 0.0. Generate a description of the lengths and angles of the lattice vectors and then the element type and coordinates for each atom within the lattice:
4.3 4.5 13.0
90 90 90
Ti
0.25 0.15 0.60
Ti
0.25 0.65 0.90
Ti
0.76 0.84 0.40
Ti
0.75 0.34 0.10
Cu
0.25 0.16 0.00
Cu
0.24 0.66 0.49
Cu
0.74 0.84 0.99
Cu
0.75 0.34 0.51
Cu
0.24 0.16 0.80
Cu
0.26 0.66 0.71
Cu
0.74 0.84 0.20
Cu
0.75 0.34 0.30
Cu
0.25 0.18 0.39
Cu
0.25 0.68 0.11
Cu
0.75 0.82 0.61
Cu
0.75 0.31 0.90
Cu
0.25 0.18 0.20
Cu
0.24 0.67 0.30
Cu
0.75 0.83 0.80
Cu
0.75 0.34 0.71","4.3 4.5 13.0
90 90 90
Ti
0.25 0.16 0.60
Ti
0.25 0.66 0.90
Ti
0.75 0.84 0.40
Ti
0.75 0.34 0.10
Cu
0.25 0.16 0.00
Cu
0.25 0.66 0.50
Cu
0.75 0.84 1.00
Cu
0.75 0.34 0.50
Cu
0.25 0.16 0.80
Cu
0.25 0.66 0.70
Cu
0.75 0.84 0.20
Cu
0.75 0.34 0.30
Cu
0.25 0.18 0.40
Cu
0.25 0.68 0.10
Cu
0.75 0.82 0.60
Cu
0.75 0.32 0.90
Cu
0.25 0.17 0.20
Cu
0.25 0.67 0.30
Cu
0.75 0.83 0.80
Cu
0.75 0.33 0.70",continuous,0.005
"Below is a description of a bulk material. The chemical formula is TiCu4. The spacegroup number is 62. The formation energy per atom is -0.085. The band gap is 0.0. The energy above the convex hull is 0.0. Generate a description of the lengths and angles of the lattice vectors and then the element type and coordinates for each atom within the lattice:
4.3 4.5 13.0
90 90 90
Ti
0.24 0.18 0.61
Ti
0.26 0.63 0.91
Ti
0.73 0.86 0.45
Ti
0.73 0.34 0.13
Cu
0.22 0.10 0.99
Cu
0.24 0.69 0.50
Cu
0.74 0.82 0.98
Cu
0.72 0.33 0.54
Cu
0.18 0.13 0.84
Cu
0.29 0.64 0.71
Cu
0.76 0.85 0.21
Cu
0.74 0.37 0.34
Cu
0.25 0.21 0.34
Cu
0.21 0.63 0.03
Cu
0.73 0.85 0.56
Cu
0.70 0.36 0.92
Cu
0.31 0.21 0.20
Cu
0.27 0.67 0.28
Cu
0.76 0.77 0.82
Cu
0.74 0.27 0.70","4.3 4.5 13.0
90 90 90
Ti
0.25 0.16 0.60
Ti
0.25 0.66 0.90
Ti
0.75 0.84 0.40
Ti
0.75 0.34 0.10
Cu
0.25 0.16 0.00
Cu
0.25 0.66 0.50
Cu
0.75 0.84 1.00
Cu
0.75 0.34 0.50
Cu
0.25 0.16 0.80
Cu
0.25 0.66 0.70
Cu
0.75 0.84 0.20
Cu
0.75 0.34 0.30
Cu
0.25 0.18 0.40
Cu
0.25 0.68 0.10
Cu
0.75 0.82 0.60
Cu
0.75 0.32 0.90
Cu
0.25 0.17 0.20
Cu
0.25 0.67 0.30
Cu
0.75 0.83 0.80
Cu
0.75 0.33 0.70",continuous,0.03
"Below is a description of a bulk material. The chemical formula is NaS. The spacegroup number is 194. The formation energy per atom is -1.0784. The band gap is 1.2566. The energy above the convex hull is 0.0. Generate a description of the lengths and angles of the lattice vectors and then the element type and coordinates for each atom within the lattice:
4.5 4.5 10.3
90 90 120
Na
0.01 0.97 0.00
Na
0.97 1.00 0.52
Na
0.33 0.62 0.25
Na
0.65 0.34 0.75
S
0.28 0.66 0.65
S
0.71 0.27 0.14
S
0.63 0.27 0.32
S
0.37 0.67 0.86","4.5 4.5 10.3
90 90 120
Na
0.00 0.00 0.00
Na
0.00 0.00 0.50
Na
0.33 0.67 0.25
Na
0.67 0.33 0.75
S
0.33 0.67 0.64
S
0.67 0.33 0.14
S
0.67 0.33 0.36
S
0.33 0.67 0.86",continuous,0.03
"Below is a description of a bulk material. The chemical formula is NaS. The spacegroup number is 194. The formation energy per atom is -1.0784. The band gap is 1.2566. The energy above the convex hull is 0.0. Generate a description of the lengths and angles of the lattice vectors and then the element type and coordinates for each atom within the lattice:
4.5 4.5 10.3
90 90 120
Na
0.03 0.01 1.00
Na
0.01 0.03 0.49
Na
0.31 0.68 0.28
Na
0.65 0.35 0.73
S
0.36 0.70 0.64
S
0.69 0.35 0.17
S
0.68 0.36 0.33
S
0.30 0.66 0.86","4.5 4.5 10.3
90 90 120
Na
0.00 0.00 0.00
Na
0.00 0.00 0.50
Na
0.33 0.67 0.25
Na
0.67 0.33 0.75
S
0.33 0.67 0.64
S
0.67 0.33 0.14
S
0.67 0.33 0.36
S
0.33 0.67 0.86",continuous,0.02
"Below is a description of a bulk material. The chemical formula is NaS. The spacegroup number is 194. The formation energy per atom is -1.0784. The band gap is 1.2566. The energy above the convex hull is 0.0. Generate a description of the lengths and angles of the lattice vectors and then the element type and coordinates for each atom within the lattice:
4.5 4.5 10.3
90 90 120
Na
1.00 0.01 0.00
Na
0.00 0.02 0.53
Na
0.32 0.67 0.24
Na
0.67 0.35 0.77
S
0.34 0.67 0.64
S
0.66 0.33 0.15
S
0.68 0.34 0.36
S
0.35 0.69 0.87","4.5 4.5 10.3
90 90 120
Na
0.00 0.00 0.00
Na
0.00 0.00 0.50
Na
0.33 0.67 0.25
Na
0.67 0.33 0.75
S
0.33 0.67 0.64
S
0.67 0.33 0.14
S
0.67 0.33 0.36
S
0.33 0.67 0.86",continuous,0.015
"Below is a description of a bulk material. The chemical formula is Li2CoO2. The spacegroup number is 164. The formation energy per atom is -1.7426. The band gap is 2.5515. The energy above the convex hull is 0.0391. Generate a description of the lengths and angles of the lattice vectors and then the element type and coordinates for each atom within the lattice:
3.1 3.1 5.1
90 90 120
Li
0.34 0.67 0.65
Li
0.66 0.30 0.33
Co
0.99 0.98 1.00
O
0.34 0.64 0.26
O
0.70 0.32 0.76","3.2 3.2 5.1
90 90 120
Li
0.33 0.67 0.64
Li
0.67 0.33 0.36
Co
0.00 0.00 0.00
O
0.33 0.67 0.24
O
0.67 0.33 0.76",continuous,0.015
"Below is a description of a bulk material. The chemical formula is Li2CoO2. The spacegroup number is 164. The formation energy per atom is -1.7426. The band gap is 2.5515. The energy above the convex hull is 0.0391. Generate a description of the lengths and angles of the lattice vectors and then the element type and coordinates for each atom within the lattice:
3.2 3.2 5.1
90 90 120
Li
0.35 0.66 0.64
Li
0.66 0.31 0.35
Co
0.01 0.00 0.01
O
0.33 0.69 0.24
O
0.67 0.32 0.76","3.2 3.2 5.1
90 90 120
Li
0.33 0.67 0.64
Li
0.67 0.33 0.36
Co
0.00 0.00 0.00
O
0.33 0.67 0.24
O
0.67 0.33 0.76",continuous,0.01
"Below is a description of a bulk material. The chemical formula is Li2CoO2. The spacegroup number is 164. The formation energy per atom is -1.7426. The band gap is 2.5515. The energy above the convex hull is 0.0391. Generate a description of the lengths and angles of the lattice vectors and then the element type and coordinates for each atom within the lattice:
3.2 3.2 5.1
90 90 120
Li
0.33 0.66 0.64
Li
0.67 0.33 0.36
Co
0.01 0.99 0.00
O
0.33 0.68 0.25
S
0.66 0.33 0.77","3.2 3.2 5.1
90 90 120
Li
0.33 0.67 0.64
Li
0.67 0.33 0.36
Co
0.00 0.00 0.00
O
0.33 0.67 0.24
O
0.67 0.33 0.76",composition,0.005
"Below is a description of a bulk material. The chemical formula is Cs2NaMoI6. The spacegroup number is 225. The formation energy per atom is -1.1575. The band gap is 1.4011. The energy above the convex hull is 0.0714. Generate a description of the lengths and angles of the lattice vectors and then the element type and coordinates for each atom within the lattice:
8.5 8.5 8.5
60 60 60
Cs
0.75 0.75 0.75
Cs
0.25 0.26 0.25
Na
0.51 0.50 0.50
Mo
0.00 1.00 0.00
I
0.76 0.23 0.24
I
0.23 0.24 0.76
I
0.24 0.77 0.77
Br
0.24 0.77 0.24
I
0.76 0.24 0.77
I
0.77 0.76 0.24","8.5 8.5 8.5
60 60 60
Cs
0.75 0.75 0.75
Cs
0.25 0.25 0.25
Na
0.50 0.50 0.50
Mo
0.00 0.00 0.00
I
0.77 0.23 0.23
I
0.23 0.23 0.77
I
0.23 0.77 0.77
I
0.23 0.77 0.23
I
0.77 0.23 0.77
I
0.77 0.77 0.23",composition,0.005
"Below is a description of a bulk material. The chemical formula is Cs2NaMoI6. The spacegroup number is 225. The formation energy per atom is -1.1575. The band gap is 1.4011. The energy above the convex hull is 0.0714. Generate a description of the lengths and angles of the lattice vectors and then the element type and coordinates for each atom within the lattice:
8.5 8.5 8.5
60 60 60
Cs
0.76 0.76 0.75
Cs
0.25 0.25 0.25
Na
0.50 0.49 0.49
Mo
0.00 1.00 1.00
I
0.77 0.24 0.23
I
0.23 0.24 0.76
I
0.23 0.77 0.76
I
0.23 0.76 0.22
I
0.77 0.23 0.76
I
0.76 0.77 0.23","8.5 8.5 8.5
60 60 60
Cs
0.75 0.75 0.75
Cs
0.25 0.25 0.25
Na
0.50 0.50 0.50
Mo
0.00 0.00 0.00
I
0.77 0.23 0.23
I
0.23 0.23 0.77
I
0.23 0.77 0.77
I
0.23 0.77 0.23
I
0.77 0.23 0.77
I
0.77 0.77 0.23",continuous,0.005
"Below is a description of a bulk material. The chemical formula is Cs2NaMoI6. The spacegroup number is 225. The formation energy per atom is -1.1575. The band gap is 1.4011. The energy above the convex hull is 0.0714. Generate a description of the lengths and angles of the lattice vectors and then the element type and coordinates for each atom within the lattice:
8.5 8.5 8.5
60 60 60
Cs
0.75 0.77 0.75
Cs
0.27 0.24 0.26
Na
0.50 0.50 0.50
Mo
0.99 1.00 0.99
Br
0.77 0.25 0.26
I
0.24 0.23 0.78
Br
0.25 0.75 0.79
Cl
0.25 0.77 0.24
I
0.76 0.24 0.77
I
0.77 0.75 0.23","8.5 8.5 8.5
60 60 60
Cs
0.75 0.75 0.75
Cs
0.25 0.25 0.25
Na
0.50 0.50 0.50
Mo
0.00 0.00 0.00
I
0.77 0.23 0.23
I
0.23 0.23 0.77
I
0.23 0.77 0.77
I
0.23 0.77 0.23
I
0.77 0.23 0.77
I
0.77 0.77 0.23",composition,0.01
"Below is a description of a bulk material. The chemical formula is Nd(SiPt)2. The spacegroup number is 139. The formation energy per atom is -1.0006. The band gap is 0.0. The energy above the convex hull is 0.0764. Generate a description of the lengths and angles of the lattice vectors and then the element type and coordinates for each atom within the lattice:
5.8 5.8 5.8
120 120 62
Nd
0.97 0.99 0.02
Si
0.66 0.62 0.03
Si
0.37 0.38 0.96
Pt
0.76 0.24 0.51
Pt
0.25 0.76 0.47","5.8 5.8 5.8
137 137 62
Nd
0.00 0.00 0.00
Si
0.62 0.62 0.00
Si
0.38 0.38 0.00
Pt
0.75 0.25 0.50
Pt
0.25 0.75 0.50",continuous,0.02
"Below is a description of a bulk material. The chemical formula is Nd(SiPt)2. The spacegroup number is 139. The formation energy per atom is -1.0006. The band gap is 0.0. The energy above the convex hull is 0.0764. Generate a description of the lengths and angles of the lattice vectors and then the element type and coordinates for each atom within the lattice:
5.8 5.8 5.8
120 120 62
Nd
0.00 0.00 0.01
Si
0.64 0.63 0.99
Si
0.38 0.38 0.01
Pt
0.75 0.25 0.48
Pt
0.23 0.74 0.50","5.8 5.8 5.8
137 137 62
Nd
0.00 0.00 0.00
Si
0.62 0.62 0.00
Si
0.38 0.38 0.00
Pt
0.75 0.25 0.50
Pt
0.25 0.75 0.50",continuous,0.01
"Below is a description of a bulk material. The chemical formula is Nd(SiPt)2. The spacegroup number is 139. The formation energy per atom is -1.0006. The band gap is 0.0. The energy above the convex hull is 0.0764. Generate a description of the lengths and angles of the lattice vectors and then the element type and coordinates for each atom within the lattice:
5.8 5.8 5.8
120 120 62
Nd
0.01 0.00 1.00
Si
0.62 0.61 1.00
Si
0.38 0.39 0.00
Pt
0.74 0.25 0.50
Pt
0.24 0.75 0.50","5.8 5.8 5.8
137 137 62
Nd
0.00 0.00 0.00
Si
0.62 0.62 0.00
Si
0.38 0.38 0.00
Pt
0.75 0.25 0.50
Pt
0.25 0.75 0.50",continuous,0.005
"Below is a description of a bulk material. The chemical formula is TbGeAu. The spacegroup number is 186. The formation energy per atom is -0.8354. The band gap is 0.0. The energy above the convex hull is 0.0. Generate a description of the lengths and angles of the lattice vectors and then the element type and coordinates for each atom within the lattice:
4.5 4.5 7.4
90 90 120
Tb
0.00 0.01 0.75
Dy
0.01 0.99 0.24
Sn
0.65 0.35 0.95
Ge
0.35 0.66 0.46
Au
0.64 0.34 0.52
Au
0.33 0.66 0.03","4.5 4.5 7.4
90 90 120
Tb
0.00 0.00 0.75
Tb
0.00 0.00 0.25
Ge
0.67 0.33 0.96
Ge
0.33 0.67 0.46
Au
0.67 0.33 0.53
Au
0.33 0.67 0.03",composition,0.01
"Below is a description of a bulk material. The chemical formula is TbGeAu. The spacegroup number is 186. The formation energy per atom is -0.8354. The band gap is 0.0. The energy above the convex hull is 0.0. Generate a description of the lengths and angles of the lattice vectors and then the element type and coordinates for each atom within the lattice:
4.5 4.5 7.4
90 90 120
Tb
0.03 0.00 0.76
Tb
0.99 0.01 0.25
Ge
0.65 0.32 0.96
Ge
0.33 0.65 0.46
Au
0.67 0.34 0.54
Au
0.35 0.64 0.02","4.5 4.5 7.4
90 90 120
Tb
0.00 0.00 0.75
Tb
0.00 0.00 0.25
Ge
0.67 0.33 0.96
Ge
0.33 0.67 0.46
Au
0.67 0.33 0.53
Au
0.33 0.67 0.03",continuous,0.01
"Below is a description of a bulk material. The chemical formula is TbGeAu. The spacegroup number is 186. The formation energy per atom is -0.8354. The band gap is 0.0. The energy above the convex hull is 0.0. Generate a description of the lengths and angles of the lattice vectors and then the element type and coordinates for each atom within the lattice:
4.5 4.5 7.4
90 90 120
Tb
1.00 0.00 0.75
Tb
1.00 0.00 0.25
Ge
0.67 0.34 0.95
Ge
0.32 0.67 0.46
Au
0.67 0.33 0.54
Au
0.33 0.67 0.04","4.5 4.5 7.4
90 90 120
Tb
0.00 0.00 0.75
Tb
0.00 0.00 0.25
Ge
0.67 0.33 0.96
Ge
0.33 0.67 0.46
Au
0.67 0.33 0.53
Au
0.33 0.67 0.03",continuous,0.005
"Below is a description of a bulk material. The chemical formula is KSbO3. The spacegroup number is 148. The formation energy per atom is -2.0533. The band gap is 2.6838. The energy above the convex hull is 0.0. Generate a description of the lengths and angles of the lattice vectors and then the element type and coordinates for each atom within the lattice:
7.0 7.0 7.0
60 60 60
K
0.68 0.66 0.70
K
0.39 0.37 0.39
Sb
0.81 0.83 0.79
Sb
0.12 0.16 0.15
O
0.83 0.07 0.44
O
0.42 0.82 0.06
O
0.02 0.44 0.84
O
0.17 1.00 0.58
O
0.57 0.14 0.01
O
0.95 0.56 0.15","7.0 7.0 7.0
46 46 46
K
0.64 0.64 0.64
K
0.36 0.36 0.36
Sb
0.84 0.84 0.84
Sb
0.16 0.16 0.16
O
0.84 0.03 0.44
O
0.44 0.84 0.03
O
0.03 0.44 0.84
O
0.16 0.97 0.56
O
0.56 0.16 0.97
O
0.97 0.56 0.16",continuous,0.03
"Below is a description of a bulk material. The chemical formula is KSbO3. The spacegroup number is 148. The formation energy per atom is -2.0533. The band gap is 2.6838. The energy above the convex hull is 0.0. Generate a description of the lengths and angles of the lattice vectors and then the element type and coordinates for each atom within the lattice:
7.0 7.0 7.0
60 60 60
K
0.63 0.65 0.60
K
0.34 0.41 0.38
Sb
0.83 0.82 0.84
Sb
0.17 0.16 0.18
O
0.80 0.07 0.45
O
0.44 0.85 0.04
O
0.07 0.44 0.82
O
0.15 0.97 0.57
O
0.57 0.13 0.98
O
0.93 0.57 0.18","7.0 7.0 7.0
46 46 46
K
0.64 0.64 0.64
K
0.36 0.36 0.36
Sb
0.84 0.84 0.84
Sb
0.16 0.16 0.16
O
0.84 0.03 0.44
O
0.44 0.84 0.03
O
0.03 0.44 0.84
O
0.16 0.97 0.56
O
0.56 0.16 0.97
O
0.97 0.56 0.16",continuous,0.02
"Below is a description of a bulk material. The chemical formula is KSbO3. The spacegroup number is 148. The formation energy per atom is -2.0533. The band gap is 2.6838. The energy above the convex hull is 0.0. Generate a description of the lengths and angles of the lattice vectors and then the element type and coordinates for each atom within the lattice:
7.0 7.0 7.0
60 60 60
K
0.64 0.66 0.64
K
0.37 0.32 0.36
Sb
0.84 0.84 0.83
Sb
0.17 0.14 0.15
O
0.84 0.05 0.43
O
0.44 0.83 0.04
O
0.04 0.42 0.86
O
0.16 0.97 0.57
O
0.55 0.15 0.97
O
0.95 0.57 0.16","7.0 7.0 7.0
46 46 46
K
0.64 0.64 0.64
K
0.36 0.36 0.36
Sb
0.84 0.84 0.84
Sb
0.16 0.16 0.16
O
0.84 0.03 0.44
O
0.44 0.84 0.03
O
0.03 0.44 0.84
O
0.16 0.97 0.56
O
0.56 0.16 0.97
O
0.97 0.56 0.16",continuous,0.01
"Below is a description of a bulk material. The chemical formula is Li2HgGe. The spacegroup number is 225. The formation energy per atom is -0.2751. The band gap is 0.0. The energy above the convex hull is 0.0522. Generate a description of the lengths and angles of the lattice vectors and then the element type and coordinates for each atom within the lattice:
4.6 4.6 4.6
60 60 60
Li
0.78 0.76 0.75
Li
0.25 0.28 0.25
Hg
0.48 0.51 0.54
Ge
0.02 0.97 0.02","4.6 4.6 4.6
60 60 60
Li
0.75 0.75 0.75
Li
0.25 0.25 0.25
Hg
0.50 0.50 0.50
Ge
0.00 0.00 0.00",continuous,0.03
"Below is a description of a bulk material. The chemical formula is Li2HgGe. The spacegroup number is 225. The formation energy per atom is -0.2751. The band gap is 0.0. The energy above the convex hull is 0.0522. Generate a description of the lengths and angles of the lattice vectors and then the element type and coordinates for each atom within the lattice:
4.6 4.6 4.6
60 60 60
Li
0.76 0.75 0.75
Li
0.26 0.26 0.26
Hg
0.49 0.50 0.50
Ge
0.99 0.00 1.00","4.6 4.6 4.6
60 60 60
Li
0.75 0.75 0.75
Li
0.25 0.25 0.25
Hg
0.50 0.50 0.50
Ge
0.00 0.00 0.00",continuous,0.005
"Below is a description of a bulk material. The chemical formula is Li2HgGe. The spacegroup number is 225. The formation energy per atom is -0.2751. The band gap is 0.0. The energy above the convex hull is 0.0522. Generate a description of the lengths and angles of the lattice vectors and then the element type and coordinates for each atom within the lattice:
4.6 4.6 4.6
60 60 60
Na
0.75 0.75 0.76
Li
0.25 0.24 0.25
Hg
0.50 0.50 0.50
Ge
1.00 0.00 0.99","4.6 4.6 4.6
60 60 60
Li
0.75 0.75 0.75
Li
0.25 0.25 0.25
Hg
0.50 0.50 0.50
Ge
0.00 0.00 0.00",composition,0.01
"Below is a description of a bulk material. The chemical formula is YLu(BIr)8. The spacegroup number is 115. The formation energy per atom is -0.5071. The band gap is 0.0. The energy above the convex hull is 0.0267. Generate a description of the lengths and angles of the lattice vectors and then the element type and coordinates for each atom within the lattice:
5.4 5.4 7.5
90 90 90
Y
0.99 0.02 0.50
Lu
0.49 0.50 1.00
B
0.33 0.01 0.14
B
0.66 0.99 0.16
C
0.50 0.84 0.65
B
0.47 0.17 0.65
Be
0.17 0.51 0.34
C
0.85 0.52 0.34
B
0.99 0.67 0.87
B
0.00 0.34 0.85
Ir
0.76 0.01 0.85
Ir
0.25 1.00 0.85
Os
0.51 0.24 0.36
Ir
0.49 0.75 0.35
Ir
0.74 0.50 0.67
Ir
0.24 0.52 0.65
Ir
0.01 0.23 0.15
Ir
0.98 0.76 0.15","5.4 5.4 7.5
90 90 90
Y
0.00 0.00 0.50
Lu
0.50 0.50 0.00
B
0.33 0.00 0.15
B
0.67 0.00 0.15
B
0.50 0.83 0.65
B
0.50 0.17 0.65
B
0.17 0.50 0.35
B
0.83 0.50 0.35
B
0.00 0.67 0.85
B
0.00 0.33 0.85
Ir
0.75 0.00 0.86
Ir
0.25 0.00 0.86
Ir
0.50 0.25 0.35
Ir
0.50 0.75 0.35
Ir
0.75 0.50 0.65
Ir
0.25 0.50 0.65
Ir
0.00 0.25 0.14
Ir
0.00 0.75 0.14",composition,0.01
"Below is a description of a bulk material. The chemical formula is YLu(BIr)8. The spacegroup number is 115. The formation energy per atom is -0.5071. The band gap is 0.0. The energy above the convex hull is 0.0267. Generate a description of the lengths and angles of the lattice vectors and then the element type and coordinates for each atom within the lattice:
5.4 5.4 7.5
90 90 90
Y
0.00 0.99 0.50
Lu
0.50 0.49 1.00
B
0.32 1.00 0.15
B
0.67 1.00 0.15
B
0.50 0.83 0.65
B
0.50 0.18 0.66
B
0.18 0.50 0.35
B
0.83 0.50 0.35
B
0.00 0.67 0.85
B
0.00 0.33 0.85
Ir
0.75 0.00 0.86
Ir
0.25 0.00 0.86
Ir
0.49 0.26 0.36
Ir
0.50 0.76 0.35
Ir
0.76 0.50 0.65
Ir
0.26 0.50 0.66
Ir
1.00 0.25 0.15
Ir
1.00 0.75 0.15","5.4 5.4 7.5
90 90 90
Y
0.00 0.00 0.50
Lu
0.50 0.50 0.00
B
0.33 0.00 0.15
B
0.67 0.00 0.15
B
0.50 0.83 0.65
B
0.50 0.17 0.65
B
0.17 0.50 0.35
B
0.83 0.50 0.35
B
0.00 0.67 0.85
B
0.00 0.33 0.85
Ir
0.75 0.00 0.86
Ir
0.25 0.00 0.86
Ir
0.50 0.25 0.35
Ir
0.50 0.75 0.35
Ir
0.75 0.50 0.65
Ir
0.25 0.50 0.65
Ir
0.00 0.25 0.14
Ir
0.00 0.75 0.14",continuous,0.005
"Below is a description of a bulk material. The chemical formula is YLu(BIr)8. The spacegroup number is 115. The formation energy per atom is -0.5071. The band gap is 0.0. The energy above the convex hull is 0.0267. Generate a description of the lengths and angles of the lattice vectors and then the element type and coordinates for each atom within the lattice:
5.4 5.4 7.5
90 90 90
Y
0.01 0.01 0.52
Hf
0.51 0.50 0.01
B
0.31 0.03 0.16
B
0.69 0.98 0.18
Be
0.49 0.83 0.67
Be
0.49 0.17 0.65
B
0.15 0.47 0.36
C
0.87 0.50 0.34
Li
0.99 0.67 0.83
B
1.00 0.34 0.87
Ir
0.75 0.99 0.88
Ir
0.27 0.99 0.87
Ir
0.50 0.25 0.37
Ir
0.50 0.76 0.36
Ir
0.75 0.52 0.63
Ir
0.26 0.50 0.64
Os
1.00 0.24 0.17
Ir
0.99 0.75 0.13","5.4 5.4 7.5
90 90 90
Y
0.00 0.00 0.50
Lu
0.50 0.50 0.00
B
0.33 0.00 0.15
B
0.67 0.00 0.15
B
0.50 0.83 0.65
B
0.50 0.17 0.65
B
0.17 0.50 0.35
B
0.83 0.50 0.35
B
0.00 0.67 0.85
B
0.00 0.33 0.85
Ir
0.75 0.00 0.86
Ir
0.25 0.00 0.86
Ir
0.50 0.25 0.35
Ir
0.50 0.75 0.35
Ir
0.75 0.50 0.65
Ir
0.25 0.50 0.65
Ir
0.00 0.25 0.14
Ir
0.00 0.75 0.14",composition,0.015
"Below is a description of a bulk material. The chemical formula is FeCoSb4. The spacegroup number is 10. The formation energy per atom is -0.2297. The band gap is 0.0. The energy above the convex hull is 0.0305. Generate a description of the lengths and angles of the lattice vectors and then the element type and coordinates for each atom within the lattice:
3.3 5.7 6.5
90 90 90
Fe
0.02 0.01 0.02
Co
0.51 0.49 0.49
Sb
0.51 0.30 0.15
Sb
0.49 0.69 0.87
Sb
0.00 0.81 0.32
Sb
0.01 0.17 0.67","3.3 5.7 6.5
90 90 90
Fe
0.00 0.00 0.00
Co
0.50 0.50 0.50
Sb
0.50 0.30 0.14
Sb
0.50 0.70 0.86
Sb
0.00 0.80 0.35
Sb
0.00 0.20 0.65",continuous,0.015
"Below is a description of a bulk material. The chemical formula is FeCoSb4. The spacegroup number is 10. The formation energy per atom is -0.2297. The band gap is 0.0. The energy above the convex hull is 0.0305. Generate a description of the lengths and angles of the lattice vectors and then the element type and coordinates for each atom within the lattice:
3.3 5.7 6.5
90 90 90
Fe
1.00 0.99 0.00
Co
0.49 0.50 0.51
Bi
0.48 0.29 0.14
Sb
0.50 0.71 0.86
Sb
1.00 0.79 0.36
Sb
0.99 0.18 0.65","3.3 5.7 6.5
90 90 90
Fe
0.00 0.00 0.00
Co
0.50 0.50 0.50
Sb
0.50 0.30 0.14
Sb
0.50 0.70 0.86
Sb
0.00 0.80 0.35
Sb
0.00 0.20 0.65",composition,0.01
"Below is a description of a bulk material. The chemical formula is FeCoSb4. The spacegroup number is 10. The formation energy per atom is -0.2297. The band gap is 0.0. The energy above the convex hull is 0.0305. Generate a description of the lengths and angles of the lattice vectors and then the element type and coordinates for each atom within the lattice:
3.3 5.7 6.5
90 90 90
Fe
0.01 0.02 1.00
Co
0.51 0.50 0.50
Sb
0.50 0.32 0.13
Sb
0.51 0.69 0.85
Sb
1.00 0.80 0.37
Sb
0.98 0.19 0.65","3.3 5.7 6.5
90 90 90
Fe
0.00 0.00 0.00
Co
0.50 0.50 0.50
Sb
0.50 0.30 0.14
Sb
0.50 0.70 0.86
Sb
0.00 0.80 0.35
Sb
0.00 0.20 0.65",continuous,0.01
"Below is a description of a bulk material. The chemical formula is LiAlCu2. The spacegroup number is 225. The formation energy per atom is -0.2213. The band gap is 0.0. The energy above the convex hull is 0.0. Generate a description of the lengths and angles of the lattice vectors and then the element type and coordinates for each atom within the lattice:
4.2 4.2 4.2
60 60 60
Li
1.00 1.00 0.01
Al
0.50 0.50 0.51
Cu
0.75 0.75 0.75
Cu
0.24 0.25 0.26","4.2 4.2 4.2
60 60 60
Li
0.00 0.00 0.00
Al
0.50 0.50 0.50
Cu
0.75 0.75 0.75
Cu
0.25 0.25 0.25",continuous,0.01
"Below is a description of a bulk material. The chemical formula is LiAlCu2. The spacegroup number is 225. The formation energy per atom is -0.2213. The band gap is 0.0. The energy above the convex hull is 0.0. Generate a description of the lengths and angles of the lattice vectors and then the element type and coordinates for each atom within the lattice:
4.2 4.2 4.2
60 60 60
Na
0.00 0.99 0.99
Al
0.50 0.50 0.52
Cu
0.76 0.74 0.74
Cu
0.27 0.25 0.25","4.2 4.2 4.2
60 60 60
Li
0.00 0.00 0.00
Al
0.50 0.50 0.50
Cu
0.75 0.75 0.75
Cu
0.25 0.25 0.25",composition,0.01
"Below is a description of a bulk material. The chemical formula is LiAlCu2. The spacegroup number is 225. The formation energy per atom is -0.2213. The band gap is 0.0. The energy above the convex hull is 0.0. Generate a description of the lengths and angles of the lattice vectors and then the element type and coordinates for each atom within the lattice:
4.2 4.2 4.2
60 60 60
Li
0.00 0.98 0.02
Al
0.54 0.51 0.49
Cu
0.76 0.74 0.75
Cu
0.25 0.25 0.24","4.2 4.2 4.2
60 60 60
Li
0.00 0.00 0.00
Al
0.50 0.50 0.50
Cu
0.75 0.75 0.75
Cu
0.25 0.25 0.25",continuous,0.015
"Below is a description of a bulk material. The chemical formula is Mg2Sc. The spacegroup number is 63. The formation energy per atom is -0.0341. The band gap is 0.0. The energy above the convex hull is 0.0054. Generate a description of the lengths and angles of the lattice vectors and then the element type and coordinates for each atom within the lattice:
8.4 8.4 5.2
90 90 120
Mg
0.09 0.89 0.26
Mg
0.74 0.24 0.23
Mg
0.88 0.10 0.75
Mg
0.20 0.78 0.77
Sc
0.45 0.55 0.29
Sc
0.56 0.45 0.76","8.5 8.5 5.2
90 90 158
Mg
0.11 0.89 0.25
Mg
0.78 0.22 0.25
Mg
0.89 0.11 0.75
Mg
0.22 0.78 0.75
Sc
0.44 0.56 0.25
Sc
0.56 0.44 0.75",continuous,0.015
"Below is a description of a bulk material. The chemical formula is Mg2Sc. The spacegroup number is 63. The formation energy per atom is -0.0341. The band gap is 0.0. The energy above the convex hull is 0.0054. Generate a description of the lengths and angles of the lattice vectors and then the element type and coordinates for each atom within the lattice:
8.4 8.5 5.2
90 90 120
Mg
0.10 0.89 0.24
Mg
0.77 0.22 0.25
Mg
0.91 0.12 0.76
Mg
0.23 0.77 0.76
Sc
0.45 0.54 0.25
Sc
0.55 0.44 0.75","8.5 8.5 5.2
90 90 158
Mg
0.11 0.89 0.25
Mg
0.78 0.22 0.25
Mg
0.89 0.11 0.75
Mg
0.22 0.78 0.75
Sc
0.44 0.56 0.25
Sc
0.56 0.44 0.75",continuous,0.01
"Below is a description of a bulk material. The chemical formula is Mg2Sc. The spacegroup number is 63. The formation energy per atom is -0.0341. The band gap is 0.0. The energy above the convex hull is 0.0054. Generate a description of the lengths and angles of the lattice vectors and then the element type and coordinates for each atom within the lattice:
8.4 8.4 5.2
90 90 120
Mg
0.13 0.90 0.27
Mg
0.80 0.24 0.25
Mg
0.89 0.12 0.75
Mg
0.21 0.78 0.76
Sc
0.46 0.56 0.25
Sc
0.55 0.44 0.75","8.5 8.5 5.2
90 90 158
Mg
0.11 0.89 0.25
Mg
0.78 0.22 0.25
Mg
0.89 0.11 0.75
Mg
0.22 0.78 0.75
Sc
0.44 0.56 0.25
Sc
0.56 0.44 0.75",continuous,0.01
"Below is a description of a bulk material. The chemical formula is LiFeF4. The spacegroup number is 14. The formation energy per atom is -2.822. The band gap is 3.0526. The energy above the convex hull is 0.0092. Generate a description of the lengths and angles of the lattice vectors and then the element type and coordinates for each atom within the lattice:
4.8 5.7 5.7
65 90 90
Li
1.00 0.49 0.48
Li
0.50 0.50 0.01
Fe
0.52 0.00 0.50
Ni
0.98 0.99 0.01
F
0.72 0.86 0.84
F
0.78 0.89 0.34
F
0.33 0.64 0.64
F
0.19 0.67 0.14
F
0.83 0.33 0.85
F
0.68 0.33 0.36
F
0.22 0.14 0.65
F
0.28 0.16 0.21","4.8 5.6 5.7
65 90 90
Li
0.00 0.50 0.50
Li
0.50 0.50 0.00
Fe
0.50 0.00 0.50
Fe
0.00 0.00 0.00
F
0.71 0.86 0.84
F
0.79 0.86 0.34
F
0.31 0.67 0.64
F
0.19 0.67 0.14
F
0.81 0.33 0.86
F
0.69 0.33 0.36
F
0.21 0.14 0.66
F
0.29 0.14 0.16",composition,0.015
"Below is a description of a bulk material. The chemical formula is LiFeF4. The spacegroup number is 14. The formation energy per atom is -2.822. The band gap is 3.0526. The energy above the convex hull is 0.0092. Generate a description of the lengths and angles of the lattice vectors and then the element type and coordinates for each atom within the lattice:
4.8 5.6 5.7
65 90 90
Li
0.00 0.53 0.49
Li
0.52 0.49 1.00
Fe
0.52 0.01 0.53
Fe
0.02 1.00 0.04
F
0.72 0.85 0.84
F
0.79 0.86 0.34
F
0.31 0.66 0.66
F
0.17 0.66 0.15
F
0.81 0.32 0.86
F
0.68 0.31 0.36
F
0.21 0.11 0.64
F
0.29 0.15 0.16","4.8 5.6 5.7
65 90 90
Li
0.00 0.50 0.50
Li
0.50 0.50 0.00
Fe
0.50 0.00 0.50
Fe
0.00 0.00 0.00
F
0.71 0.86 0.84
F
0.79 0.86 0.34
F
0.31 0.67 0.64
F
0.19 0.67 0.14
F
0.81 0.33 0.86
F
0.69 0.33 0.36
F
0.21 0.14 0.66
F
0.29 0.14 0.16",continuous,0.015
"Below is a description of a bulk material. The chemical formula is LiFeF4. The spacegroup number is 14. The formation energy per atom is -2.822. The band gap is 3.0526. The energy above the convex hull is 0.0092. Generate a description of the lengths and angles of the lattice vectors and then the element type and coordinates for each atom within the lattice:
4.8 5.6 5.6
65 90 90
Na
1.00 0.50 0.51
Li
0.49 0.49 1.00
Fe
0.48 0.98 0.47
Fe
0.02 0.01 0.01
F
0.72 0.86 0.83
F
0.80 0.89 0.34
F
0.31 0.70 0.64
F
0.17 0.69 0.15
Cl
0.83 0.32 0.86
Cl
0.68 0.31 0.35
F
0.19 0.14 0.67
F
0.27 0.15 0.17","4.8 5.6 5.7
65 90 90
Li
0.00 0.50 0.50
Li
0.50 0.50 0.00
Fe
0.50 0.00 0.50
Fe
0.00 0.00 0.00
F
0.71 0.86 0.84
F
0.79 0.86 0.34
F
0.31 0.67 0.64
F
0.19 0.67 0.14
F
0.81 0.33 0.86
F
0.69 0.33 0.36
F
0.21 0.14 0.66
F
0.29 0.14 0.16",composition,0.015
"Below is a description of a bulk material. The chemical formula is Ti2Sn. The spacegroup number is 194. The formation energy per atom is -0.3331. The band gap is 0.0452. The energy above the convex hull is 0.0. Generate a description of the lengths and angles of the lattice vectors and then the element type and coordinates for each atom within the lattice:
4.8 4.8 5.6
90 90 120
Ti
0.67 0.33 0.26
Ti
0.31 0.66 0.75
Ti
0.99 1.00 0.00
Ti
0.99 0.00 0.50
Sn
0.67 0.32 0.75
Sn
0.33 0.67 0.24","4.8 4.8 5.6
90 90 120
Ti
0.67 0.33 0.25
Ti
0.33 0.67 0.75
Ti
0.00 0.00 0.00
Ti
0.00 0.00 0.50
Sn
0.67 0.33 0.75
Sn
0.33 0.67 0.25",continuous,0.01
"Below is a description of a bulk material. The chemical formula is Ti2Sn. The spacegroup number is 194. The formation energy per atom is -0.3331. The band gap is 0.0452. The energy above the convex hull is 0.0. Generate a description of the lengths and angles of the lattice vectors and then the element type and coordinates for each atom within the lattice:
4.8 4.7 5.6
90 90 120
Ti
0.67 0.33 0.28
Ti
0.37 0.67 0.80
Ti
0.01 0.04 0.02
Ti
0.01 0.99 0.50
Sn
0.66 0.39 0.77
Sn
0.33 0.69 0.24","4.8 4.8 5.6
90 90 120
Ti
0.67 0.33 0.25
Ti
0.33 0.67 0.75
Ti
0.00 0.00 0.00
Ti
0.00 0.00 0.50
Sn
0.67 0.33 0.75
Sn
0.33 0.67 0.25",continuous,0.03
"Below is a description of a bulk material. The chemical formula is Ti2Sn. The spacegroup number is 194. The formation energy per atom is -0.3331. The band gap is 0.0452. The energy above the convex hull is 0.0. Generate a description of the lengths and angles of the lattice vectors and then the element type and coordinates for each atom within the lattice:
4.8 4.8 5.6
90 90 120
Ti
0.68 0.35 0.24
Ti
0.32 0.66 0.75
Ti
0.01 0.00 1.00
Ti
0.01 0.01 0.51
Sn
0.66 0.35 0.74
Sn
0.34 0.69 0.26","4.8 4.8 5.6
90 90 120
Ti
0.67 0.33 0.25
Ti
0.33 0.67 0.75
Ti
0.00 0.00 0.00
Ti
0.00 0.00 0.50
Sn
0.67 0.33 0.75
Sn
0.33 0.67 0.25",continuous,0.01
"Below is a description of a bulk material. The chemical formula is LiSmGe. The spacegroup number is 189. The formation energy per atom is -0.6999. The band gap is 0.0. The energy above the convex hull is 0.0. Generate a description of the lengths and angles of the lattice vectors and then the element type and coordinates for each atom within the lattice:
7.2 7.2 4.3
90 90 120
Li
0.24 1.00 0.50
Li
0.76 0.77 0.51
Li
1.00 0.24 0.50
Sm
1.00 0.58 0.01
Sm
0.58 1.00 0.00
Sm
0.42 0.42 0.00
Ge
0.33 0.67 0.50
Ge
0.67 0.33 0.50
Ge
0.00 0.00 0.00","7.2 7.2 4.3
90 90 120
Li
0.23 0.00 0.50
Li
0.77 0.77 0.50
Li
0.00 0.23 0.50
Sm
0.00 0.58 0.00
Sm
0.58 0.00 0.00
Sm
0.42 0.42 0.00
Ge
0.33 0.67 0.50
Ge
0.67 0.33 0.50
Ge
0.00 0.00 0.00",continuous,0.005
"Below is a description of a bulk material. The chemical formula is LiSmGe. The spacegroup number is 189. The formation energy per atom is -0.6999. The band gap is 0.0. The energy above the convex hull is 0.0. Generate a description of the lengths and angles of the lattice vectors and then the element type and coordinates for each atom within the lattice:
7.2 7.2 4.3
90 90 120
Li
0.25 0.01 0.50
Na
0.76 0.75 0.49
K
1.00 0.22 0.50
Sm
0.01 0.58 0.01
Sm
0.58 0.00 0.00
Sm
0.42 0.42 0.02
Ge
0.32 0.66 0.50
Ge
0.67 0.32 0.50
Ge
1.00 0.99 0.00","7.2 7.2 4.3
90 90 120
Li
0.23 0.00 0.50
Li
0.77 0.77 0.50
Li
0.00 0.23 0.50
Sm
0.00 0.58 0.00
Sm
0.58 0.00 0.00
Sm
0.42 0.42 0.00
Ge
0.33 0.67 0.50
Ge
0.67 0.33 0.50
Ge
0.00 0.00 0.00",composition,0.01
"Below is a description of a bulk material. The chemical formula is LiSmGe. The spacegroup number is 189. The formation energy per atom is -0.6999. The band gap is 0.0. The energy above the convex hull is 0.0. Generate a description of the lengths and angles of the lattice vectors and then the element type and coordinates for each atom within the lattice:
7.2 7.2 4.3
90 90 120
Li
0.24 0.00 0.50
Li
0.76 0.77 0.49
Li
0.01 0.24 0.49
Sm
1.00 0.57 0.99
Pm
0.59 0.01 0.99
Sm
0.43 0.43 0.00
Ge
0.34 0.67 0.50
Ge
0.66 0.33 0.50
Ge
0.01 0.00 0.03","7.2 7.2 4.3
90 90 120
Li
0.23 0.00 0.50
Li
0.77 0.77 0.50
Li
0.00 0.23 0.50
Sm
0.00 0.58 0.00
Sm
0.58 0.00 0.00
Sm
0.42 0.42 0.00
Ge
0.33 0.67 0.50
Ge
0.67 0.33 0.50
Ge
0.00 0.00 0.00",composition,0.01
"Below is a description of a bulk material. The chemical formula is K2ScTlF6. The spacegroup number is 225. The formation energy per atom is -3.2973. The band gap is 4.7378. The energy above the convex hull is 0.054. Generate a description of the lengths and angles of the lattice vectors and then the element type and coordinates for each atom within the lattice:
6.6 6.6 6.6
60 60 60
K
0.74 0.73 0.74
Rb
0.25 0.26 0.25
Sc
0.00 1.00 0.98
Tl
0.50 0.50 0.49
F
0.78 0.23 0.22
F
0.23 0.21 0.79
F
0.22 0.79 0.79
Cl
0.20 0.80 0.22
F
0.79 0.23 0.80
F
0.78 0.78 0.23","6.6 6.6 6.6
60 60 60
K
0.75 0.75 0.75
K
0.25 0.25 0.25
Sc
0.00 0.00 0.00
Tl
0.50 0.50 0.50
F
0.78 0.22 0.22
F
0.22 0.22 0.78
F
0.22 0.78 0.78
F
0.22 0.78 0.22
F
0.78 0.22 0.78
F
0.78 0.78 0.22",composition,0.01
"Below is a description of a bulk material. The chemical formula is K2ScTlF6. The spacegroup number is 225. The formation energy per atom is -3.2973. The band gap is 4.7378. The energy above the convex hull is 0.054. Generate a description of the lengths and angles of the lattice vectors and then the element type and coordinates for each atom within the lattice:
6.6 6.6 6.6
60 60 60
K
0.75 0.75 0.75
K
0.27 0.26 0.25
Sc
0.99 0.99 0.99
Tl
0.50 0.50 0.51
F
0.77 0.21 0.22
F
0.21 0.20 0.77
F
0.22 0.79 0.75
F
0.22 0.80 0.21
F
0.77 0.21 0.79
F
0.78 0.79 0.22","6.6 6.6 6.6
60 60 60
K
0.75 0.75 0.75
K
0.25 0.25 0.25
Sc
0.00 0.00 0.00
Tl
0.50 0.50 0.50
F
0.78 0.22 0.22
F
0.22 0.22 0.78
F
0.22 0.78 0.78
F
0.22 0.78 0.22
F
0.78 0.22 0.78
F
0.78 0.78 0.22",continuous,0.01
"Below is a description of a bulk material. The chemical formula is K2ScTlF6. The spacegroup number is 225. The formation energy per atom is -3.2973. The band gap is 4.7378. The energy above the convex hull is 0.054. Generate a description of the lengths and angles of the lattice vectors and then the element type and coordinates for each atom within the lattice:
6.6 6.6 6.6
60 60 60
K
0.76 0.72 0.74
K
0.27 0.23 0.26
Ca
0.00 0.99 0.99
Tl
0.53 0.52 0.50
F
0.79 0.21 0.21
F
0.21 0.21 0.77
F
0.22 0.77 0.79
F
0.21 0.77 0.20
F
0.78 0.22 0.77
F
0.79 0.78 0.20","6.6 6.6 6.6
60 60 60
K
0.75 0.75 0.75
K
0.25 0.25 0.25
Sc
0.00 0.00 0.00
Tl
0.50 0.50 0.50
F
0.78 0.22 0.22
F
0.22 0.22 0.78
F
0.22 0.78 0.78
F
0.22 0.78 0.22
F
0.78 0.22 0.78
F
0.78 0.78 0.22",composition,0.015
"Below is a description of a bulk material. The chemical formula is CaLaMnMoO6. The spacegroup number is 7. The formation energy per atom is -2.8262. The band gap is 1.3135. The energy above the convex hull is 0.0631. Generate a description of the lengths and angles of the lattice vectors and then the element type and coordinates for each atom within the lattice:
5.6 5.8 8.1
90 91 90
Ca
0.49 0.45 0.25
Ca
0.99 0.05 0.75
La
0.01 0.95 0.24
La
0.51 0.55 0.74
Mn
0.01 0.49 0.99
Mn
0.50 1.00 0.50
Mo
0.49 0.00 1.00
Mo
1.00 0.50 0.50
O
0.10 0.46 0.75
O
0.60 0.04 0.24
O
0.17 0.22 0.44
O
0.68 0.29 0.94
O
0.20 0.19 0.04
O
0.70 0.31 0.55
O
0.29 0.69 0.45
O
0.79 0.81 0.95
O
0.32 0.72 0.06
O
0.83 0.78 0.55
O
0.40 0.96 0.74
O
0.90 0.54 0.26","5.6 5.8 8.1
90 91 90
Ca
0.49 0.44 0.25
Ca
0.99 0.06 0.75
La
0.01 0.95 0.24
La
0.51 0.55 0.74
Mn
0.00 0.50 1.00
Mn
0.50 0.00 0.50
Mo
0.50 0.00 1.00
Mo
0.00 0.50 0.50
O
0.10 0.46 0.74
O
0.60 0.04 0.24
O
0.18 0.22 0.45
O
0.68 0.28 0.95
O
0.21 0.19 0.05
O
0.71 0.31 0.55
O
0.30 0.69 0.45
O
0.80 0.81 0.95
O
0.32 0.72 0.05
O
0.82 0.78 0.55
O
0.40 0.96 0.76
O
0.90 0.54 0.26",continuous,0.005
"Below is a description of a bulk material. The chemical formula is CaLaMnMoO6. The spacegroup number is 7. The formation energy per atom is -2.8262. The band gap is 1.3135. The energy above the convex hull is 0.0631. Generate a description of the lengths and angles of the lattice vectors and then the element type and coordinates for each atom within the lattice:
5.6 5.8 8.1
90 91 90
Mg
0.48 0.45 0.29
Ca
0.99 0.04 0.77
La
1.00 0.94 0.22
La
0.50 0.56 0.75
Mn
0.01 0.49 0.02
Fe
0.54 0.99 0.50
Mo
0.50 0.01 0.96
W
1.00 0.51 0.52
S
0.09 0.44 0.75
O
0.59 0.04 0.26
O
0.21 0.24 0.44
O
0.66 0.28 0.93
S
0.20 0.17 0.05
O
0.70 0.33 0.56
O
0.30 0.68 0.45
O
0.81 0.82 0.96
O
0.35 0.71 0.06
O
0.83 0.78 0.59
O
0.43 0.94 0.75
O
0.89 0.58 0.28","5.6 5.8 8.1
90 91 90
Ca
0.49 0.44 0.25
Ca
0.99 0.06 0.75
La
0.01 0.95 0.24
La
0.51 0.55 0.74
Mn
0.00 0.50 1.00
Mn
0.50 0.00 0.50
Mo
0.50 0.00 1.00
Mo
0.00 0.50 0.50
O
0.10 0.46 0.74
O
0.60 0.04 0.24
O
0.18 0.22 0.45
O
0.68 0.28 0.95
O
0.21 0.19 0.05
O
0.71 0.31 0.55
O
0.30 0.69 0.45
O
0.80 0.81 0.95
O
0.32 0.72 0.05
O
0.82 0.78 0.55
O
0.40 0.96 0.76
O
0.90 0.54 0.26",composition,0.02
"Below is a description of a bulk material. The chemical formula is CaLaMnMoO6. The spacegroup number is 7. The formation energy per atom is -2.8262. The band gap is 1.3135. The energy above the convex hull is 0.0631. Generate a description of the lengths and angles of the lattice vectors and then the element type and coordinates for each atom within the lattice:
5.6 5.8 8.1
90 91 90
Ca
0.50 0.44 0.25
Ca
0.98 0.06 0.76
La
0.01 0.94 0.25
La
0.52 0.56 0.75
Mn
0.00 0.50 1.00
Mn
0.50 1.00 0.49
Mo
0.49 0.00 1.00
Mo
0.00 0.50 0.49
O
0.10 0.46 0.75
O
0.59 0.04 0.25
O
0.18 0.21 0.45
O
0.68 0.29 0.94
O
0.20 0.20 0.06
O
0.71 0.31 0.55
O
0.30 0.69 0.45
O
0.80 0.81 0.94
O
0.31 0.71 0.06
O
0.82 0.78 0.56
O
0.39 0.96 0.76
O
0.89 0.53 0.27","5.6 5.8 8.1
90 91 90
Ca
0.49 0.44 0.25
Ca
0.99 0.06 0.75
La
0.01 0.95 0.24
La
0.51 0.55 0.74
Mn
0.00 0.50 1.00
Mn
0.50 0.00 0.50
Mo
0.50 0.00 1.00
Mo
0.00 0.50 0.50
O
0.10 0.46 0.74
O
0.60 0.04 0.24
O
0.18 0.22 0.45
O
0.68 0.28 0.95
O
0.21 0.19 0.05
O
0.71 0.31 0.55
O
0.30 0.69 0.45
O
0.80 0.81 0.95
O
0.32 0.72 0.05
O
0.82 0.78 0.55
O
0.40 0.96 0.76
O
0.90 0.54 0.26",continuous,0.005
"Below is a description of a bulk material. The chemical formula is Cr2Se3. The spacegroup number is 148. The formation energy per atom is -0.8104. The band gap is 0.0. The energy above the convex hull is 0.0. Generate a description of the lengths and angles of the lattice vectors and then the element type and coordinates for each atom within the lattice:
6.9 6.9 6.9
60 60 60
Cr
0.00 0.00 0.01
Cr
0.49 0.51 0.50
Cr
0.67 0.68 0.68
Cr
0.32 0.32 0.32
Se
0.75 0.09 0.42
Se
0.41 0.73 0.09
Se
0.10 0.41 0.72
Se
0.26 0.90 0.61
Se
0.59 0.25 0.90
Se
0.90 0.59 0.25","6.9 6.9 6.9
54 54 54
Cr
0.00 0.00 0.00
Cr
0.50 0.50 0.50
Cr
0.68 0.68 0.68
Cr
0.32 0.32 0.32
Se
0.74 0.10 0.40
Se
0.40 0.74 0.10
Se
0.10 0.40 0.74
Se
0.26 0.90 0.60
Se
0.60 0.26 0.90
Se
0.90 0.60 0.26",continuous,0.005
"Below is a description of a bulk material. The chemical formula is Cr2Se3. The spacegroup number is 148. The formation energy per atom is -0.8104. The band gap is 0.0. The energy above the convex hull is 0.0. Generate a description of the lengths and angles of the lattice vectors and then the element type and coordinates for each atom within the lattice:
6.9 6.9 6.9
60 60 60
Cr
0.99 0.02 0.99
Cr
0.48 0.50 0.50
Cr
0.70 0.67 0.69
Cr
0.32 0.30 0.34
Se
0.72 0.09 0.42
Se
0.42 0.76 0.09
Se
0.08 0.39 0.71
Se
0.26 0.88 0.58
Se
0.62 0.27 0.91
Se
0.93 0.59 0.25","6.9 6.9 6.9
54 54 54
Cr
0.00 0.00 0.00
Cr
0.50 0.50 0.50
Cr
0.68 0.68 0.68
Cr
0.32 0.32 0.32
Se
0.74 0.10 0.40
Se
0.40 0.74 0.10
Se
0.10 0.40 0.74
Se
0.26 0.90 0.60
Se
0.60 0.26 0.90
Se
0.90 0.60 0.26",continuous,0.015
"Below is a description of a bulk material. The chemical formula is Cr2Se3. The spacegroup number is 148. The formation energy per atom is -0.8104. The band gap is 0.0. The energy above the convex hull is 0.0. Generate a description of the lengths and angles of the lattice vectors and then the element type and coordinates for each atom within the lattice:
6.9 6.9 6.9
60 60 60
Cr
0.05 0.99 0.98
Cr
0.51 0.51 0.48
Cr
0.68 0.65 0.71
Cr
0.34 0.37 0.33
Se
0.75 0.16 0.41
Se
0.42 0.73 0.05
Se
0.09 0.48 0.72
Se
0.24 0.86 0.60
Se
0.55 0.23 0.87
Se
0.88 0.58 0.32","6.9 6.9 6.9
54 54 54
Cr
0.00 0.00 0.00
Cr
0.50 0.50 0.50
Cr
0.68 0.68 0.68
Cr
0.32 0.32 0.32
Se
0.74 0.10 0.40
Se
0.40 0.74 0.10
Se
0.10 0.40 0.74
Se
0.26 0.90 0.60
Se
0.60 0.26 0.90
Se
0.90 0.60 0.26",continuous,0.03
"Below is a description of a bulk material. The chemical formula is DyTaRu2. The spacegroup number is 225. The formation energy per atom is -0.3622. The band gap is 0.0. The energy above the convex hull is 0.0. Generate a description of the lengths and angles of the lattice vectors and then the element type and coordinates for each atom within the lattice:
4.6 4.6 4.6
60 60 60
Dy
0.98 0.96 0.99
Ta
0.51 0.48 0.49
Ru
0.75 0.74 0.76
Rh
0.25 0.24 0.26","4.6 4.6 4.6
60 60 60
Dy
0.00 0.00 0.00
Ta
0.50 0.50 0.50
Ru
0.75 0.75 0.75
Ru
0.25 0.25 0.25",composition,0.015
"Below is a description of a bulk material. The chemical formula is DyTaRu2. The spacegroup number is 225. The formation energy per atom is -0.3622. The band gap is 0.0. The energy above the convex hull is 0.0. Generate a description of the lengths and angles of the lattice vectors and then the element type and coordinates for each atom within the lattice:
4.6 4.6 4.6
60 60 60
Dy
0.02 1.00 0.99
Ta
0.49 0.52 0.51
Ru
0.74 0.75 0.77
Rh
0.26 0.24 0.25","4.6 4.6 4.6
60 60 60
Dy
0.00 0.00 0.00
Ta
0.50 0.50 0.50
Ru
0.75 0.75 0.75
Ru
0.25 0.25 0.25",composition,0.01
"Below is a description of a bulk material. The chemical formula is DyTaRu2. The spacegroup number is 225. The formation energy per atom is -0.3622. The band gap is 0.0. The energy above the convex hull is 0.0. Generate a description of the lengths and angles of the lattice vectors and then the element type and coordinates for each atom within the lattice:
4.6 4.6 4.6
60 60 60
Dy
1.00 0.01 1.00
Ta
0.51 0.50 0.49
Ru
0.76 0.75 0.75
Pd
0.25 0.25 0.25","4.6 4.6 4.6
60 60 60
Dy
0.00 0.00 0.00
Ta
0.50 0.50 0.50
Ru
0.75 0.75 0.75
Ru
0.25 0.25 0.25",composition,0.005
"Below is a description of a bulk material. The chemical formula is HfBeSi. The spacegroup number is 194. The formation energy per atom is -0.6309. The band gap is 0.0. The energy above the convex hull is 0.0. Generate a description of the lengths and angles of the lattice vectors and then the element type and coordinates for each atom within the lattice:
3.7 3.7 7.1
90 90 120
Ti
0.99 0.00 0.01
Hf
0.00 1.00 0.50
Be
0.34 0.66 0.26
Be
0.68 0.35 0.75
Si
0.34 0.66 0.75
Si
0.66 0.33 0.24","3.7 3.7 7.1
90 90 120
Hf
0.00 0.00 0.00
Hf
0.00 0.00 0.50
Be
0.33 0.67 0.25
Be
0.67 0.33 0.75
Si
0.33 0.67 0.75
Si
0.67 0.33 0.25",composition,0.005
"Below is a description of a bulk material. The chemical formula is HfBeSi. The spacegroup number is 194. The formation energy per atom is -0.6309. The band gap is 0.0. The energy above the convex hull is 0.0. Generate a description of the lengths and angles of the lattice vectors and then the element type and coordinates for each atom within the lattice:
3.7 3.7 7.1
90 90 120
Hf
0.02 0.99 1.00
Hf
1.00 0.99 0.50
Be
0.35 0.67 0.25
Be
0.67 0.33 0.74
Si
0.33 0.66 0.74
Si
0.67 0.34 0.25","3.7 3.7 7.1
90 90 120
Hf
0.00 0.00 0.00
Hf
0.00 0.00 0.50
Be
0.33 0.67 0.25
Be
0.67 0.33 0.75
Si
0.33 0.67 0.75
Si
0.67 0.33 0.25",continuous,0.01
"Below is a description of a bulk material. The chemical formula is HfBeSi. The spacegroup number is 194. The formation energy per atom is -0.6309. The band gap is 0.0. The energy above the convex hull is 0.0. Generate a description of the lengths and angles of the lattice vectors and then the element type and coordinates for each atom within the lattice:
3.7 3.7 7.1
90 90 120
Hf
0.99 0.01 0.99
Hf
1.00 0.01 0.51
Be
0.32 0.66 0.25
Be
0.67 0.34 0.74
Si
0.33 0.66 0.74
Si
0.67 0.31 0.26","3.7 3.7 7.1
90 90 120
Hf
0.00 0.00 0.00
Hf
0.00 0.00 0.50
Be
0.33 0.67 0.25
Be
0.67 0.33 0.75
Si
0.33 0.67 0.75
Si
0.67 0.33 0.25",continuous,0.01
"Below is a description of a bulk material. The chemical formula is ErGaNi. The spacegroup number is 12. The formation energy per atom is -0.6146. The band gap is 0.0. The energy above the convex hull is 0.0392. Generate a description of the lengths and angles of the lattice vectors and then the element type and coordinates for each atom within the lattice:
4.2 5.3 5.7
93 112 67
Er
0.74 0.70 0.17
Er
0.25 0.29 0.82
Ga
0.57 0.26 0.41
Ga
0.43 0.73 0.60
Ni
0.05 0.11 0.21
Ni
0.96 0.89 0.80","4.2 5.3 5.7
93 112 67
Er
0.74 0.70 0.19
Er
0.26 0.30 0.81
Ga
0.57 0.25 0.40
Ga
0.43 0.75 0.60
Ni
0.05 0.11 0.21
Ni
0.95 0.89 0.79",continuous,0.01
"Below is a description of a bulk material. The chemical formula is ErGaNi. The spacegroup number is 12. The formation energy per atom is -0.6146. The band gap is 0.0. The energy above the convex hull is 0.0392. Generate a description of the lengths and angles of the lattice vectors and then the element type and coordinates for each atom within the lattice:
4.2 5.3 5.7
93 112 67
Er
0.76 0.70 0.20
Er
0.27 0.33 0.83
Ga
0.59 0.26 0.38
Ga
0.41 0.73 0.62
Ni
0.07 0.12 0.20
Ni
0.95 0.87 0.78","4.2 5.3 5.7
93 112 67
Er
0.74 0.70 0.19
Er
0.26 0.30 0.81
Ga
0.57 0.25 0.40
Ga
0.43 0.75 0.60
Ni
0.05 0.11 0.21
Ni
0.95 0.89 0.79",continuous,0.01
"Below is a description of a bulk material. The chemical formula is ErGaNi. The spacegroup number is 12. The formation energy per atom is -0.6146. The band gap is 0.0. The energy above the convex hull is 0.0392. Generate a description of the lengths and angles of the lattice vectors and then the element type and coordinates for each atom within the lattice:
4.2 5.3 5.7
93 112 67
Er
0.74 0.70 0.19
Dy
0.26 0.31 0.81
Ga
0.57 0.25 0.38
Ga
0.42 0.76 0.62
Fe
0.06 0.11 0.20
Ni
0.97 0.88 0.79","4.2 5.3 5.7
93 112 67
Er
0.74 0.70 0.19
Er
0.26 0.30 0.81
Ga
0.57 0.25 0.40
Ga
0.43 0.75 0.60
Ni
0.05 0.11 0.21
Ni
0.95 0.89 0.79",composition,0.01
"Below is a description of a bulk material. The chemical formula is MgH2. The spacegroup number is 205. The formation energy per atom is -0.2633. The band gap is 2.9992. The energy above the convex hull is 0.0311. Generate a description of the lengths and angles of the lattice vectors and then the element type and coordinates for each atom within the lattice:
4.8 4.8 4.8
90 90 90
Mg
0.49 0.51 0.98
Mg
0.54 0.01 0.51
Mg
0.00 0.50 0.49
Mg
0.03 0.99 1.00
H
0.16 0.83 0.36
H
0.82 0.34 0.17
H
0.37 0.19 0.90
H
0.68 0.69 0.66
H
0.84 0.15 0.67
H
0.16 0.65 0.87
H
0.70 0.87 0.15
H
0.34 0.36 0.33","4.8 4.8 4.8
90 90 90
Mg
0.50 0.50 0.00
Mg
0.50 0.00 0.50
Mg
0.00 0.50 0.50
Mg
0.00 0.00 0.00
H
0.15 0.85 0.35
H
0.85 0.35 0.15
H
0.35 0.15 0.85
H
0.65 0.65 0.65
H
0.85 0.15 0.65
H
0.15 0.65 0.85
H
0.65 0.85 0.15
H
0.35 0.35 0.35",continuous,0.02
"Below is a description of a bulk material. The chemical formula is MgH2. The spacegroup number is 205. The formation energy per atom is -0.2633. The band gap is 2.9992. The energy above the convex hull is 0.0311. Generate a description of the lengths and angles of the lattice vectors and then the element type and coordinates for each atom within the lattice:
4.8 4.8 4.8
90 90 90
Mg
0.50 0.49 1.00
Mg
0.50 1.00 0.51
Mg
1.00 0.50 0.49
Mg
1.00 0.01 0.01
H
0.15 0.85 0.35
H
0.85 0.35 0.16
H
0.35 0.16 0.84
H
0.65 0.64 0.66
H
0.85 0.14 0.65
H
0.16 0.66 0.85
H
0.66 0.85 0.15
H
0.34 0.35 0.35","4.8 4.8 4.8
90 90 90
Mg
0.50 0.50 0.00
Mg
0.50 0.00 0.50
Mg
0.00 0.50 0.50
Mg
0.00 0.00 0.00
H
0.15 0.85 0.35
H
0.85 0.35 0.15
H
0.35 0.15 0.85
H
0.65 0.65 0.65
H
0.85 0.15 0.65
H
0.15 0.65 0.85
H
0.65 0.85 0.15
H
0.35 0.35 0.35",continuous,0.005
"Below is a description of a bulk material. The chemical formula is MgH2. The spacegroup number is 205. The formation energy per atom is -0.2633. The band gap is 2.9992. The energy above the convex hull is 0.0311. Generate a description of the lengths and angles of the lattice vectors and then the element type and coordinates for each atom within the lattice:
4.8 4.8 4.8
90 90 90
Mg
0.49 0.51 0.99
Mg
0.51 0.01 0.48
Mg
0.00 0.49 0.49
Mg
0.99 0.98 0.02
He
0.13 0.84 0.36
H
0.87 0.34 0.14
H
0.37 0.17 0.85
H
0.65 0.65 0.63
H
0.87 0.14 0.65
H
0.16 0.67 0.86
H
0.64 0.84 0.15
H
0.35 0.35 0.35","4.8 4.8 4.8
90 90 90
Mg
0.50 0.50 0.00
Mg
0.50 0.00 0.50
Mg
0.00 0.50 0.50
Mg
0.00 0.00 0.00
H
0.15 0.85 0.35
H
0.85 0.35 0.15
H
0.35 0.15 0.85
H
0.65 0.65 0.65
H
0.85 0.15 0.65
H
0.15 0.65 0.85
H
0.65 0.85 0.15
H
0.35 0.35 0.35",composition,0.015
"Below is a description of a bulk material. The chemical formula is Sm2MgCd. The spacegroup number is 225. The formation energy per atom is -0.2042. The band gap is 0.0. The energy above the convex hull is 0.0053. Generate a description of the lengths and angles of the lattice vectors and then the element type and coordinates for each atom within the lattice:
5.4 5.4 5.4
60 60 60
Sm
0.24 0.23 0.26
Sm
0.75 0.75 0.76
Mg
0.01 1.00 0.99
Cd
0.49 0.49 0.49","5.4 5.4 5.4
60 60 60
Sm
0.25 0.25 0.25
Sm
0.75 0.75 0.75
Mg
0.00 0.00 0.00
Cd
0.50 0.50 0.50",continuous,0.015
